lat,lon,elevation,slope,susceptibility,is_ner
29.75031492721233,68.00023196501874,458,21.104511260986328,0.14341123,0
30.000136407725968,68.00023196501874,818,20.667116165161133,0.023181906,0
30.249957888239607,68.00023196501874,2094,33.06071853637695,0.93931365,0
30.499779368753245,68.00023196501874,2307,17.827421188354492,0.96695787,0
30.749600849266887,68.00023196501874,2072,13.938553810119629,0.92826,0
31.49987377456351,68.00023196501874,2145,8.759799003601074,0.9432605,0
33.500062586184036,68.00023196501874,2926,5.328158378601074,0.84842277,0
33.749884066697675,68.00023196501874,3480,6.530278205871582,0.87879723,0
33.99970554721131,68.00023196501874,3025,5.011364936828613,0.6113756,0
34.5001569919943,68.00023196501874,2965,15.602356910705566,0.6134862,0
34.749978472507934,68.00023196501874,3030,35.68527603149414,0.91467464,0
34.99979995302158,68.00023196501874,2317,19.67881202697754,0.9735657,0
35.24962143353522,68.00023196501874,1756,24.161273956298828,0.97990704,0
29.75031492721233,68.25005344553239,645,36.02861404418945,0.76668185,0
30.000136407725968,68.25005344553239,1126,8.841422080993652,0.5864718,0
30.249957888239607,68.25005344553239,1742,5.628174304962158,0.89876705,0
30.499779368753245,68.25005344553239,1974,18.689111709594727,0.96858317,0
31.00023081353623,68.25005344553239,2381,18.38946533203125,0.9846528,0
31.49987377456351,68.25005344553239,2119,17.947315216064453,0.98671526,0
33.500062586184036,68.25005344553239,2754,16.45681381225586,0.9014529,0
33.99970554721131,68.25005344553239,3164,21.596168518066406,0.39792985,0
34.25033551148066,68.25005344553239,2800,9.976787567138672,0.90515167,0
34.5001569919943,68.25005344553239,3058,5.776920795440674,0.7180547,0
34.749978472507934,68.25005344553239,3403,16.326326370239258,0.7404676,0
34.99979995302158,68.25005344553239,3473,24.75688934326172,0.49759677,0
35.24962143353522,68.25005344553239,2371,15.154197692871094,0.9667498,0
26.75003170978154,68.499874926046,38,7.449998378753662,0.035456363,0
29.000042001915705,68.499874926046,195,7.729623794555664,0.023423206,0
29.249863482429344,68.499874926046,1249,11.057971000671387,0.8704817,0
29.499684962942982,68.499874926046,511,19.33739471435547,0.16279219,0
29.75031492721233,68.499874926046,845,10.60981273651123,0.08270799,0
30.499779368753245,68.499874926046,1742,22.138328552246094,0.95240045,0
31.250052294049873,68.499874926046,2084,6.108473300933838,0.9725363,0
31.49987377456351,68.499874926046,2226,27.960416793823242,0.94848424,0
33.99970554721131,68.499874926046,2561,11.72597885131836,0.8258583,0
34.25033551148066,68.499874926046,2508,14.160506248474121,0.98028654,0
34.5001569919943,68.499874926046,3728,13.351716995239258,0.32801136,0
34.749978472507934,68.499874926046,3150,18.62628173828125,0.71617126,0
34.99979995302158,68.499874926046,2958,19.312847137451172,0.54390866,0
35.24962143353522,68.499874926046,3633,33.799835205078125,0.18319273,0
26.999853190295177,68.74969640655965,69,5.8748273849487305,0.013434244,0
29.000042001915705,68.74969640655965,511,5.233332633972168,0.015403053,0
29.249863482429344,68.74969640655965,976,16.384239196777344,0.35965768,0
29.499684962942982,68.74969640655965,1090,6.908519268035889,0.4636044,0
29.75031492721233,68.74969640655965,1080,5.321963787078857,0.5252916,0
30.000136407725968,68.74969640655965,929,6.694996356964111,0.10562233,0
30.249957888239607,68.74969640655965,1398,7.003466606140137,0.9618006,0
30.499779368753245,68.74969640655965,1870,27.43376922607422,0.984271,0
30.749600849266887,68.74969640655965,1495,5.687289237976074,0.903118,0
31.00023081353623,68.74969640655965,1880,12.20382022857666,0.97197443,0
31.250052294049873,68.74969640655965,2368,5.063168525695801,0.94740885,0
31.49987377456351,68.74969640655965,2073,12.914776802062988,0.9111654,0
31.74969525507715,68.74969640655965,1976,9.764485359191895,0.8870385,0
32.25014669986014,68.74969640655965,2351,5.2573771476745605,0.9673354,0
32.749789660887416,68.74969640655965,2732,15.024358749389648,0.888514,0
33.99970554721131,68.74969640655965,2264,8.253340721130371,0.8504826,0
34.25033551148066,68.74969640655965,2957,35.99647521972656,0.66609424,0
34.5001569919943,68.74969640655965,2803,29.910354614257812,0.7115002,0
34.749978472507934,68.74969640655965,3268,30.45453453063965,0.68942255,0
35.24962143353522,68.74969640655965,3803,14.45831298828125,0.17271659,0
26.75003170978154,69.00032637082899,63,5.569437026977539,0.01155113,0
29.499684962942982,69.00032637082899,783,5.127938747406006,0.12179686,0
30.000136407725968,69.00032637082899,1058,8.356088638305664,0.595669,0
30.749600849266887,69.00032637082899,1645,17.096202850341797,0.9840634,0
31.00023081353623,69.00032637082899,1650,25.203466415405273,0.9902638,0
31.49987377456351,69.00032637082899,2093,18.114500045776367,0.9737924,0
31.74969525507715,69.00032637082899,1836,12.300947189331055,0.98671514,0
32.00032521934649,69.00032637082899,2084,33.199676513671875,0.95829886,0
32.25014669986014,69.00032637082899,1611,5.932225227355957,0.9635252,0
32.49996818037377,69.00032637082899,2198,10.579606056213379,0.91614133,0
32.749789660887416,69.00032637082899,2472,7.7750349044799805,0.97298354,0
33.749884066697675,69.00032637082899,2727,25.9139461517334,0.68165857,0
33.99970554721131,69.00032637082899,2067,9.015668869018555,0.9642975,0
34.25033551148066,69.00032637082899,2316,11.628567695617676,0.94923824,0
34.749978472507934,69.00032637082899,2235,18.761865615844727,0.52547216,0
34.99979995302158,69.00032637082899,2498,30.655426025390625,0.8074142,0
35.24962143353522,69.00032637082899,4280,8.307991027832031,0.2991811,0
30.000136407725968,69.25014785134263,1155,10.150901794433594,0.5411168,0
30.249957888239607,69.25014785134263,1233,7.685883045196533,0.71054,0
31.49987377456351,69.25014785134263,1643,11.007525444030762,0.98184747,0
31.74969525507715,69.25014785134263,2372,20.323942184448242,0.8084271,0
32.25014669986014,69.25014785134263,1656,14.786815643310547,0.9369928,0
32.49996818037377,69.25014785134263,2150,5.117100238800049,0.7162311,0
32.749789660887416,69.25014785134263,2291,26.222686767578125,0.8301097,0
33.2502411056704,69.25014785134263,2883,13.955609321594238,0.5762678,0
33.500062586184036,69.25014785134263,2806,11.319156646728516,0.82020557,0
33.749884066697675,69.25014785134263,2817,12.746199607849121,0.84250236,0
34.25033551148066,69.25014785134263,2137,5.592545509338379,0.8508169,0
35.24962143353522,69.25014785134263,2952,33.54290008544922,0.35798627,0
24.500021417647375,69.49996933185628,32,6.097475051879883,0.018473096,0
26.5002102292679,69.49996933185628,50,9.246329307556152,0.033101086,0
29.000042001915705,69.49996933185628,531,5.929595470428467,0.019951036,0
30.249957888239607,69.49996933185628,1294,17.47468376159668,0.73154515,0
30.749600849266887,69.49996933185628,1638,13.759140014648438,0.8172642,0
31.250052294049873,69.49996933185628,1957,12.115326881408691,0.9332717,0
31.74969525507715,69.49996933185628,1204,24.342042922973633,0.9302694,0
32.49996818037377,69.49996933185628,2423,21.81365203857422,0.69789404,0
32.749789660887416,69.49996933185628,2405,13.128183364868164,0.8659134,0
32.99961114140105,69.49996933185628,2070,11.93243408203125,0.94950706,0
33.2502411056704,69.49996933185628,2190,13.686502456665039,0.7389188,0
33.500062586184036,69.49996933185628,2785,32.96308135986328,0.3533773,0
33.99970554721131,69.49996933185628,3245,12.782341957092285,0.59227407,0
34.25033551148066,69.49996933185628,3196,31.45323944091797,0.50160915,0
34.5001569919943,69.49996933185628,2107,28.69873809814453,0.9115519,0
34.749978472507934,69.49996933185628,2098,14.72482967376709,0.88207394,0
34.99979995302158,69.49996933185628,1939,31.02330780029297,0.74822974,0
35.24962143353522,69.49996933185628,2263,31.89611053466797,0.8671369,0
26.5002102292679,69.74979081236992,65,8.437920570373535,0.026963187,0
27.249674670808815,69.74979081236992,79,7.582943916320801,0.025182933,0
29.000042001915705,69.74979081236992,386,17.035057067871094,0.13072482,0
29.249863482429344,69.74979081236992,710,15.912303924560547,0.50563645,0
29.499684962942982,69.74979081236992,635,6.460468769073486,0.047713898,0
30.249957888239607,69.74979081236992,1519,8.32027816772461,0.839184,0
30.499779368753245,69.74979081236992,1405,17.00838851928711,0.58055174,0
31.00023081353623,69.74979081236992,1895,8.679137229919434,0.8800851,0
31.250052294049873,69.74979081236992,1755,5.963290214538574,0.90310097,0
31.49987377456351,69.74979081236992,2021,7.00388240814209,0.96919876,0
31.74969525507715,69.74979081236992,1331,5.905032634735107,0.8101424,0
32.00032521934649,69.74979081236992,926,6.10389518737793,0.51166147,0
32.49996818037377,69.74979081236992,2021,6.450263023376465,0.9968098,0
32.749789660887416,69.74979081236992,3042,22.200836181640625,0.7223745,0
32.99961114140105,69.74979081236992,1417,8.68150520324707,0.9629657,0
33.500062586184036,69.74979081236992,1754,10.79694938659668,0.7646566,0
33.749884066697675,69.74979081236992,2413,13.734590530395508,0.89098805,0
33.99970554721131,69.74979081236992,2720,24.690065383911133,0.47746417,0
34.25033551148066,69.74979081236992,1884,46.696868896484375,0.8683117,0
34.749978472507934,69.74979081236992,2230,13.659029960632324,0.89160097,0
34.99979995302158,69.74979081236992,2987,36.545345306396484,0.32252342,0
35.24962143353522,69.74979081236992,2490,29.00827407836914,0.8672633,0
25.50011582345764,69.99961229288354,46,6.295116901397705,0.007957623,0
27.500304635078166,69.99961229288354,97,7.347304821014404,0.02577315,0
29.75031492721233,69.99961229288354,595,12.585794448852539,0.09769406,0
30.000136407725968,69.99961229288354,1691,12.811108589172363,0.8587576,0
30.749600849266887,69.99961229288354,1981,24.89779281616211,0.91561127,0
31.00023081353623,69.99961229288354,1716,28.054401397705078,0.8885133,0
31.250052294049873,69.99961229288354,1844,18.15326499938965,0.90112513,0
31.49987377456351,69.99961229288354,1742,34.1696662902832,0.35538116,0
31.74969525507715,69.99961229288354,1067,56.857242584228516,0.15850876,0
32.00032521934649,69.99961229288354,752,26.004444122314453,0.106874265,0
32.25014669986014,69.99961229288354,899,13.362174987792969,0.18824519,0
32.49996818037377,69.99961229288354,1231,11.357768058776855,0.86273015,0
32.99961114140105,69.99961229288354,1028,7.888214111328125,0.1553169,0
33.2502411056704,69.99961229288354,1304,6.874913692474365,0.64679724,0
33.749884066697675,69.99961229288354,2053,20.78876495361328,0.9175774,0
33.99970554721131,69.99961229288354,3265,38.042686462402344,0.18801695,0
34.749978472507934,69.99961229288354,1951,28.185482025146484,0.8655119,0
34.99979995302158,69.99961229288354,2045,24.187646865844727,0.64899844,0
35.24962143353522,69.99961229288354,4582,24.30535316467285,0.0040450008,0
22.000189644999573,70.2502422571529,191,14.682138442993164,0.0041665966,0
25.50011582345764,70.2502422571529,99,6.596702575683594,0.012241852,0
30.000136407725968,70.2502422571529,442,19.15768814086914,0.08329815,0
31.00023081353623,70.2502422571529,723,13.165722846984863,0.41683555,0
31.250052294049873,70.2502422571529,658,42.733001708984375,0.45059866,0
31.49987377456351,70.2502422571529,601,22.588077545166016,0.10906301,0
32.49996818037377,70.2502422571529,860,14.769383430480957,0.27851993,0
32.749789660887416,70.2502422571529,1097,26.305269241333008,0.4019994,0
33.2502411056704,70.2502422571529,1057,23.856163024902344,0.1920897,0
33.99970554721131,70.2502422571529,3355,35.4633674621582,0.29417184,0
34.99979995302158,70.2502422571529,2602,35.97050094604492,0.45608157,0
35.24962143353522,70.2502422571529,2716,28.23436164855957,0.47909093,0
21.499738200216584,70.50006373766655,615,12.343518257141113,0.010823226,0
25.250294342943995,70.50006373766655,119,6.922789096832275,0.0058676605,0
26.25038874875426,70.50006373766655,150,7.699680328369141,0.03723037,0
30.499779368753245,70.50006373766655,587,24.595266342163086,0.15133195,0
33.749884066697675,70.50006373766655,1683,15.018646240234375,0.90228504,0
33.99970554721131,70.50006373766655,2509,27.681320190429688,0.6655599,0
34.5001569919943,70.50006373766655,691,5.795516490936279,0.03662063,0
34.749978472507934,70.50006373766655,2906,31.022674560546875,0.22313148,0
34.99979995302158,70.50006373766655,1790,25.08897590637207,0.5663011,0
35.24962143353522,70.50006373766655,4149,10.674222946166992,0.11065335,0
21.000095239189307,70.74988521818017,143,6.49233341217041,0.013941742,0
26.25038874875426,70.74988521818017,192,5.9490647315979,0.010622791,0
27.999947596105443,70.74988521818017,126,5.250341415405273,0.018822001,0
33.2502411056704,70.74988521818017,1038,29.251554489135742,0.37343004,0
33.500062586184036,70.74988521818017,997,13.209492683410645,0.08494486,0
33.749884066697675,70.74988521818017,2234,22.036527633666992,0.7833267,0
33.99970554721131,70.74988521818017,2310,37.17460632324219,0.6573054,0
34.5001569919943,70.74988521818017,1487,34.98331832885742,0.9448938,0
34.749978472507934,70.74988521818017,1742,21.510129928588867,0.8224972,0
34.99979995302158,70.74988521818017,1496,21.179861068725586,0.84126174,0
35.24962143353522,70.74988521818017,3817,28.172483444213867,0.09001963,0
21.000095239189307,70.99970669869381,165,5.114994049072266,0.0017532035,0
25.250294342943995,70.99970669869381,152,13.292792320251465,0.003974066,0
33.2502411056704,70.99970669869381,942,11.360298156738281,0.028134767,0
33.749884066697675,70.99970669869381,1717,5.395359992980957,0.7913365,0
34.5001569919943,70.99970669869381,1309,13.386653900146484,0.7947649,0
34.749978472507934,70.99970669869381,1034,34.781089782714844,0.5685648,0
34.99979995302158,70.99970669869381,2713,27.177352905273438,0.38939628,0
35.24962143353522,70.99970669869381,2377,45.06443786621094,0.59807324,0
25.50011582345764,71.25033666296315,184,5.223142147064209,0.0015227717,0
33.500062586184036,71.25033666296315,1000,30.226778030395508,0.28357142,0
33.749884066697675,71.25033666296315,1864,32.89302062988281,0.91914326,0
33.99970554721131,71.25033666296315,858,9.386399269104004,0.061504934,0
34.25033551148066,71.25033666296315,806,16.975967407226562,0.037520792,0
34.749978472507934,71.25033666296315,1569,20.030292510986328,0.49966797,0
34.99979995302158,71.25033666296315,1241,27.022058486938477,0.7182379,0
35.24962143353522,71.25033666296315,2496,35.41759490966797,0.7726286,0
34.25033551148066,71.5001581434768,381,7.036942005157471,0.01009498,0
34.5001569919943,71.5001581434768,647,39.83210372924805,0.21296799,0
34.749978472507934,71.5001581434768,1090,13.569866180419922,0.13814613,0
34.99979995302158,71.5001581434768,3163,25.489839553833008,0.1415017,0
35.24962143353522,71.5001581434768,1768,33.455265045166016,0.88549477,0
32.749789660887416,71.74997962399044,625,24.824647903442383,0.014696072,0
32.99961114140105,71.74997962399044,262,11.00621223449707,0.0019302627,0
33.2502411056704,71.74997962399044,375,7.25629186630249,0.012693358,0
33.500062586184036,71.74997962399044,469,10.79694938659668,0.002973979,0
33.749884066697675,71.74997962399044,807,8.984389305114746,0.014673228,0
34.749978472507934,71.74997962399044,745,15.171191215515137,0.06645435,0
34.99979995302158,71.74997962399044,2246,30.454843521118164,0.7424694,0
35.24962143353522,71.74997962399044,3786,31.6004581451416,0.14766419,0
26.25038874875426,71.99980110450409,195,7.215914249420166,0.0054476443,0
32.49996818037377,71.99980110450409,918,8.847798347473145,0.011618873,0
32.99961114140105,71.99980110450409,287,6.9439263343811035,0.0016661191,0
34.99979995302158,71.99980110450409,1502,26.519994735717773,0.8090383,0
35.24962143353522,71.99980110450409,1580,10.746920585632324,0.81467426,0
32.49996818037377,72.24962258501773,715,18.361391067504883,0.07912834,0
33.99970554721131,72.24962258501773,317,6.72201681137085,0.011125077,0
34.25033551148066,72.24962258501773,714,43.719390869140625,0.36945367,0
34.749978472507934,72.24962258501773,1028,19.329713821411133,0.12015452,0
34.99979995302158,72.24962258501773,1909,23.750139236450195,0.8589559,0
35.24962143353522,72.24962258501773,3261,33.70582962036133,0.5177217,0
26.5002102292679,72.50025254928707,330,6.201566696166992,0.010643067,0
32.749789660887416,72.50025254928707,569,14.250046730041504,0.0057008853,0
33.749884066697675,72.50025254928707,379,11.740334510803223,0.007821819,0
34.25033551148066,72.50025254928707,515,22.933609008789062,0.054245263,0
34.5001569919943,72.50025254928707,725,12.266725540161133,0.034164462,0
34.749978472507934,72.50025254928707,2151,41.06985855102539,0.8439413,0
34.99979995302158,72.50025254928707,1950,23.942108154296875,0.74123096,0
35.24962143353522,72.50025254928707,2518,25.478178024291992,0.5727936,0
24.250199937133736,72.75007402980071,573,26.839479446411133,0.051865254,0
32.749789660887416,72.75007402980071,718,10.111007690429688,0.010160662,0
33.99970554721131,72.75007402980071,715,16.92824935913086,0.07998866,0
34.25033551148066,72.75007402980071,1280,20.878360748291016,0.8101231,0
34.5001569919943,72.75007402980071,1748,57.05466079711914,0.9062948,0
34.749978472507934,72.75007402980071,1450,17.501585006713867,0.5616622,0
34.99979995302158,72.75007402980071,1407,18.64971351623535,0.7917471,0
35.24962143353522,72.75007402980071,4258,12.199424743652344,0.18827784,0
20.750273758675668,72.99989551031433,6,5.784081935882568,0.31243742,0
24.99966437867465,72.99989551031433,330,5.3118896484375,0.0030606382,0
28.50039904088843,72.99989551031433,170,5.042994499206543,0.008524415,0
32.749789660887416,72.99989551031433,765,11.883074760437012,0.058141816,0
33.2502411056704,72.99989551031433,455,9.334945678710938,0.015567804,0
33.500062586184036,72.99989551031433,450,12.699251174926758,0.0145633565,0
33.749884066697675,72.99989551031433,984,14.963982582092285,0.38629472,0
34.25033551148066,72.99989551031433,630,24.661964416503906,0.029757416,0
34.749978472507934,72.99989551031433,1462,27.260766983032227,0.8353316,0
34.99979995302158,72.99989551031433,2344,43.53510665893555,0.5699845,0
35.24962143353522,72.99989551031433,3202,31.591949462890625,0.5287142,0
17.2503475802176,73.24971699082798,98,6.287289619445801,0.09833306,0
18.99990642756878,73.24971699082798,329,33.53031921386719,0.52814215,0
19.500357872351763,73.24971699082798,513,31.41700553894043,0.5637185,0
19.750179352865402,73.24971699082798,139,16.36587142944336,0.6568559,0
20.00000083337904,73.24971699082798,373,7.314301013946533,0.39420885,0
20.24982231389268,73.24971699082798,410,15.822793960571289,0.20718211,0
24.250199937133736,73.24971699082798,434,6.353019714355469,0.016101288,0
24.500021417647375,73.24971699082798,530,11.986802101135254,0.006285889,0
24.99966437867465,73.24971699082798,393,7.572154521942139,0.020137452,0
28.750220521402067,73.24971699082798,189,9.036642074584961,0.0025387516,0
32.749789660887416,73.24971699082798,513,12.164193153381348,0.0023197797,0
32.99961114140105,73.24971699082798,527,7.459455966949463,0.013769718,0
33.2502411056704,73.24971699082798,498,6.1944193840026855,0.005079047,0
33.749884066697675,73.24971699082798,705,14.691319465637207,0.022369472,0
34.25033551148066,73.24971699082798,1305,7.240108966827393,0.5026573,0
34.5001569919943,73.24971699082798,1100,14.46308708190918,0.31990787,0
34.749978472507934,73.24971699082798,2837,49.0773811340332,0.18428348,0
34.99979995302158,73.24971699082798,3160,36.20021438598633,0.10971157,0
35.24962143353522,73.24971699082798,1732,26.499818801879883,0.91888463,0
16.749896135434618,73.50034695509734,256,16.481796264648438,0.080613725,0
17.2503475802176,73.50034695509734,227,10.370122909545898,0.09957598,0
17.50016906073124,73.50034695509734,36,8.830062866210938,0.1087631,0
17.749990541244877,73.50034695509734,250,32.082462310791016,0.38222316,0
17.999812021758515,73.50034695509734,130,6.889339923858643,0.07080279,0
18.249633502272154,73.50034695509734,567,61.328102111816406,0.53035635,0
18.500263466541504,73.50034695509734,628,5.034928321838379,0.22174266,0
18.99990642756878,73.50034695509734,175,8.182459831237793,0.16276191,0
19.750179352865402,73.50034695509734,399,11.364431381225586,0.26950645,0
20.00000083337904,73.50034695509734,740,7.7103776931762695,0.21463718,0
20.24982231389268,73.50034695509734,492,8.67831039428711,0.2702804,0
21.750368164485934,73.50034695509734,165,18.308368682861328,0.032972604,0
23.49992701183711,73.50034695509734,217,10.477530479431152,0.0017662174,0
23.749748492350747,73.50034695509734,322,8.065984725952148,0.008373185,0
24.250199937133736,73.50034695509734,681,5.112879276275635,0.0052328464,0
24.500021417647375,73.50034695509734,594,6.954668045043945,0.008031714,0
24.99966437867465,73.50034695509734,908,15.929486274719238,0.07724076,0
33.749884066697675,73.50034695509734,1147,24.64961051940918,0.6869312,0
33.99970554721131,73.50034695509734,869,19.483234405517578,0.07822709,0
34.25033551148066,73.50034695509734,1152,32.094085693359375,0.52522635,0
34.5001569919943,73.50034695509734,1755,40.45204162597656,0.95993304,0
34.749978472507934,73.50034695509734,2564,29.594324111938477,0.50257903,0
34.99979995302158,73.50034695509734,4293,35.2501220703125,0.3157252,0
35.24962143353522,73.50034695509734,3979,31.142024993896484,0.17451599,0
16.749896135434618,73.75016843561096,374,23.238401412963867,0.07599876,0
16.999717615948256,73.75016843561096,179,8.343276977539062,0.17179298,0
17.2503475802176,73.75016843561096,975,8.968936920166016,0.14249341,0
17.50016906073124,73.75016843561096,866,5.568549156188965,0.3170806,0
18.249633502272154,73.75016843561096,706,8.795377731323242,0.104065455,0
19.500357872351763,73.75016843561096,781,5.6337738037109375,0.045970716,0
20.750273758675668,73.75016843561096,457,15.506319999694824,0.040847015,0
21.000095239189307,73.75016843561096,400,7.755802631378174,0.10838492,0
21.499738200216584,73.75016843561096,171,8.43090534210205,0.005331315,0
21.750368164485934,73.75016843561096,450,7.199079990386963,0.015460097,0
23.749748492350747,73.75016843561096,306,5.478011131286621,0.0055840146,0
24.250199937133736,73.75016843561096,480,16.037731170654297,0.008853337,0
24.749842898161013,73.75016843561096,644,5.311004161834717,0.004410884,0
29.499684962942982,73.75016843561096,180,5.489995002746582,0.0050386395,0
33.749884066697675,73.75016843561096,1881,13.62747573852539,0.7953387,0
33.99970554721131,73.75016843561096,1681,18.791961669921875,0.7870713,0
34.25033551148066,73.75016843561096,2437,31.128110885620117,0.52370226,0
34.5001569919943,73.75016843561096,3214,49.29509353637695,0.2738808,0
34.749978472507934,73.75016843561096,4314,13.309088706970215,0.06492604,0
34.99979995302158,73.75016843561096,3936,27.351333618164062,0.17335661,0
35.24962143353522,73.75016843561096,3893,34.62684631347656,0.12804456,0
15.499980249110713,73.9999899161246,16,10.680870056152344,0.5913621,0
15.749801729624352,73.9999899161246,221,26.081335067749023,0.8076571,0
15.99962321013799,73.9999899161246,472,26.216751098632812,0.34029675,0
16.250253174407334,73.9999899161246,738,6.878945827484131,0.11056938,0
16.749896135434618,73.9999899161246,559,6.366926193237305,0.13489516,0
17.50016906073124,73.9999899161246,619,5.442989826202393,0.0036811223,0
19.750179352865402,73.9999899161246,843,14.555133819580078,0.0123294145,0
20.750273758675668,73.9999899161246,878,27.86359214782715,0.021219768,0
22.25001112551321,73.9999899161246,204,6.795215129852295,0.010762929,0
25.74993730397128,73.9999899161246,515,7.38455867767334,0.011914101,0
31.00023081353623,73.9999899161246,192,5.700519561767578,0.0055986946,0
32.99961114140105,73.9999899161246,327,9.338507652282715,0.004080265,0
33.2502411056704,73.9999899161246,959,12.466300964355469,0.071234174,0
33.500062586184036,73.9999899161246,839,15.144551277160645,0.06012438,0
33.99970554721131,73.9999899161246,2332,40.47168731689453,0.5425132,0
34.25033551148066,73.9999899161246,3688,34.042518615722656,0.2749434,0
34.749978472507934,73.9999899161246,2785,40.14638137817383,0.49397168,0
34.99979995302158,73.9999899161246,3851,24.716489791870117,0.1341498,0
35.24962143353522,73.9999899161246,3957,21.00238609313965,0.3196461,0
14.749707323814086,74.24981139663825,84,25.866838455200195,0.55744946,0
15.000337288083436,74.24981139663825,630,15.71532917022705,0.08987424,0
15.250158768597075,74.24981139663825,525,32.80204772949219,0.6494971,0
15.499980249110713,74.24981139663825,703,24.593534469604492,0.7551863,0
16.250253174407334,74.24981139663825,730,8.303168296813965,0.4053297,0
16.500074654920972,74.24981139663825,624,12.577150344848633,0.011812764,0
19.24972790808242,74.24981139663825,807,10.342970848083496,0.013133757,0
21.750368164485934,74.24981139663825,593,7.113485813140869,0.0052364366,0
22.000189644999573,74.24981139663825,505,10.908935546875,0.004896585,0
22.49983260602685,74.24981139663825,459,13.524789810180664,0.004431364,0
23.49992701183711,74.24981139663825,202,6.115381717681885,0.0076043005,0
28.750220521402067,74.24981139663825,218,6.137857437133789,0.018805094,0
32.99961114140105,74.24981139663825,611,13.522852897644043,0.014572174,0
33.2502411056704,74.24981139663825,804,9.888697624206543,0.050415404,0
33.500062586184036,74.24981139663825,1179,7.322146415710449,0.45400876,0
33.749884066697675,74.24981139663825,2076,28.99411392211914,0.8901925,0
33.99970554721131,74.24981139663825,3632,28.861927032470703,0.08233833,0
34.25033551148066,74.24981139663825,2017,5.356039047241211,0.8528672,0
34.5001569919943,74.24981139663825,1655,12.35867691040039,0.8212206,0
34.749978472507934,74.24981139663825,3292,47.43866729736328,0.078056455,0
34.99979995302158,74.24981139663825,3276,34.79471206665039,0.55207455,0
35.24962143353522,74.24981139663825,4322,34.184200286865234,0.04051402,0
14.499885843300447,74.4996328771519,38,9.967939376831055,0.09338627,0
14.749707323814086,74.4996328771519,97,8.258711814880371,0.25957766,0
15.000337288083436,74.4996328771519,650,14.509793281555176,0.13908216,0
19.24972790808242,74.4996328771519,584,7.747777462005615,0.008538496,0
22.000189644999573,74.4996328771519,447,21.468860626220703,0.0058119884,0
24.250199937133736,74.4996328771519,456,13.836021423339844,0.01332054,0
32.99961114140105,74.4996328771519,717,17.404233932495117,0.018876694,0
33.2502411056704,74.4996328771519,1006,17.068655014038086,0.45094264,0
33.500062586184036,74.4996328771519,3535,15.837141990661621,0.3566898,0
33.749884066697675,74.4996328771519,4408,14.555755615234375,0.083833314,0
33.99970554721131,74.4996328771519,2760,35.21865463256836,0.27404895,0
34.5001569919943,74.4996328771519,2400,26.781112670898438,0.63350296,0
34.749978472507934,74.4996328771519,3225,42.65724182128906,0.27069834,0
34.99979995302158,74.4996328771519,3738,42.044517517089844,0.07133396,0
35.24962143353522,74.4996328771519,4660,44.40403366088867,0.005324573,0
13.749612918003827,74.75026284142123,73,5.721709251403809,0.02283031,0
14.00024288227317,74.75026284142123,643,8.908334732055664,0.013182007,0
15.000337288083436,74.75026284142123,551,9.151881217956543,0.05998374,0
15.99962321013799,74.75026284142123,755,7.881180286407471,0.01045628,0
17.50016906073124,74.75026284142123,706,7.043868064880371,0.020158434,0
18.249633502272154,74.75026284142123,528,6.264009475708008,0.0015757927,0
19.24972790808242,74.75026284142123,720,27.84157943725586,0.027314546,0
21.499738200216584,74.75026284142123,326,11.392045974731445,0.011961735,0
21.750368164485934,74.75026284142123,348,6.463235855102539,0.011446799,0
22.000189644999573,74.75026284142123,342,9.114453315734863,0.008895593,0
22.749654086540488,74.75026284142123,395,12.128581047058105,0.012615069,0
23.25010553132347,74.75026284142123,336,6.4579877853393555,0.014692833,0
23.49992701183711,74.75026284142123,441,12.134878158569336,0.009577167,0
32.99961114140105,74.75026284142123,558,7.260243892669678,0.015965287,0
33.2502411056704,74.75026284142123,1286,33.71504592895508,0.28715795,0
33.500062586184036,74.75026284142123,3926,26.966014862060547,0.15116087,0
33.749884066697675,74.75026284142123,2278,7.607341766357422,0.9152624,0
34.5001569919943,74.75026284142123,2790,26.429059982299805,0.46171266,0
34.749978472507934,74.75026284142123,2493,40.3560676574707,0.651265,0
34.99979995302158,74.75026284142123,4930,38.04926681518555,0.0073760552,0
35.24962143353522,74.75026284142123,3246,28.599573135375977,0.84926885,0
12.499697031679922,75.00008432193488,13,13.357519149780273,0.0892918,0
12.750326995949266,75.00008432193488,113,10.051325798034668,0.011540283,0
13.000148476462911,75.00008432193488,66,11.838644981384277,0.057393588,0
13.499791437490188,75.00008432193488,94,8.288772583007812,0.018760504,0
13.749612918003827,75.00008432193488,602,13.133025169372559,0.023223747,0
18.99990642756878,75.00008432193488,714,5.231357097625732,0.008277714,0
21.499738200216584,75.00008432193488,256,5.263864040374756,0.0050327266,0
32.99961114140105,75.00008432193488,1330,35.67255783081055,0.7287602,0
33.2502411056704,75.00008432193488,2113,22.87383460998535,0.92124516,0
33.500062586184036,75.00008432193488,3246,19.742387771606445,0.32554132,0
34.25033551148066,75.00008432193488,2812,48.31416702270508,0.5442028,0
34.5001569919943,75.00008432193488,3037,30.022762298583984,0.5117784,0
34.749978472507934,75.00008432193488,2681,9.261824607849121,0.97877425,0
34.99979995302158,75.00008432193488,4636,41.04689025878906,0.021210773,0
35.24962143353522,75.00008432193488,3988,23.181692123413086,0.5554536,0
12.249875551166284,75.2499058024485,57,16.63712501525879,0.49686056,0
13.000148476462911,75.2499058024485,104,5.711142539978027,0.007811198,0
13.24996995697655,75.2499058024485,943,22.55530548095703,0.024143878,0
13.749612918003827,75.2499058024485,665,5.9859490394592285,0.14554162,0
15.99962321013799,75.2499058024485,617,6.304440498352051,0.007003965,0
20.24982231389268,75.2499058024485,763,6.190649509429932,0.02705558,0
21.499738200216584,75.2499058024485,384,7.524778366088867,0.01760697,0
22.49983260602685,75.2499058024485,455,9.948583602905273,0.0058302213,0
25.250294342943995,75.2499058024485,432,6.776898384094238,0.006566457,0
25.50011582345764,75.2499058024485,374,6.311731815338135,0.007226381,0
32.749789660887416,75.2499058024485,994,13.265847206115723,0.4481522,0
32.99961114140105,75.2499058024485,1213,23.47471046447754,0.64541525,0
33.2502411056704,75.2499058024485,1322,41.99661636352539,0.84539926,0
33.500062586184036,75.2499058024485,2533,33.86876678466797,0.8754822,0
33.99970554721131,75.2499058024485,3988,48.837799072265625,0.20220195,0
34.25033551148066,75.2499058024485,4101,16.572834014892578,0.24902895,0
34.5001569919943,75.2499058024485,4289,38.506492614746094,0.087235354,0
34.749978472507934,75.2499058024485,3874,14.493447303771973,0.30168867,0
34.99979995302158,75.2499058024485,4411,27.028972625732422,0.48099393,0
35.24962143353522,75.2499058024485,4422,34.410255432128906,0.3682884,0
12.249875551166284,75.49972728296214,424,20.53598403930664,0.055239722,0
12.499697031679922,75.49972728296214,197,6.452235221862793,0.08295384,0
13.000148476462911,75.49972728296214,445,23.530323028564453,0.18035473,0
13.499791437490188,75.49972728296214,808,8.08233642578125,0.32301974,0
24.000378456620098,75.49972728296214,401,9.906706809997559,0.018099256,0
24.99966437867465,75.49972728296214,452,15.846513748168945,0.0016205257,0
32.49996818037377,75.49972728296214,649,6.959415435791016,0.15268996,0
32.749789660887416,75.49972728296214,1439,28.08871841430664,0.40362558,0
32.99961114140105,75.49972728296214,2107,34.52983474731445,0.7785531,0
33.2502411056704,75.49972728296214,2634,23.010263442993164,0.8603577,0
33.500062586184036,75.49972728296214,3243,23.223480224609375,0.58454305,0
33.749884066697675,75.49972728296214,3663,19.967529296875,0.71597636,0
33.99970554721131,75.49972728296214,3677,44.078125,0.19472703,0
34.25033551148066,75.49972728296214,3863,5.611496448516846,0.4513012,0
34.5001569919943,75.49972728296214,4244,44.05964660644531,0.023284955,0
34.749978472507934,75.49972728296214,4719,17.721426010131836,0.05410027,0
34.99979995302158,75.49972728296214,4209,5.102676868438721,0.6798165,0
35.24962143353522,75.49972728296214,3813,21.625686645507812,0.6994921,0
11.750232590139007,75.7503572472315,157,10.85129165649414,0.08099561,0
12.000054070652645,75.7503572472315,81,9.691217422485352,0.037375476,0
12.499697031679922,75.7503572472315,1061,6.567140102386475,0.34396717,0
12.750326995949266,75.7503572472315,923,8.752721786499023,0.35552338,0
13.24996995697655,75.7503572472315,1058,5.827357769012451,0.26624572,0
13.499791437490188,75.7503572472315,1580,15.316702842712402,0.5189231,0
14.00024288227317,75.7503572472315,622,6.299740791320801,0.010290573,0
14.250064362786809,75.7503572472315,657,16.670988082885742,0.004867198,0
20.00000083337904,75.7503572472315,673,8.019121170043945,0.009829642,0
25.50011582345764,75.7503572472315,398,23.196393966674805,0.093144566,0
32.49996818037377,75.7503572472315,520,12.330877304077148,0.14641467,0
32.749789660887416,75.7503572472315,2718,34.84088897705078,0.15969722,0
32.99961114140105,75.7503572472315,2095,17.37860679626465,0.782852,0
33.2502411056704,75.7503572472315,2165,18.838661193847656,0.73739535,0
33.500062586184036,75.7503572472315,3714,49.02390670776367,0.30086693,0
33.749884066697675,75.7503572472315,3856,23.710004806518555,0.12821688,0
34.25033551148066,75.7503572472315,5036,58.123878479003906,0.0408809,0
34.5001569919943,75.7503572472315,4518,16.175548553466797,0.11697906,0
34.749978472507934,75.7503572472315,3697,28.713397979736328,0.85383916,0
34.99979995302158,75.7503572472315,4577,13.39217758178711,0.025691062,0
35.24962143353522,75.7503572472315,4945,5.988769054412842,0.19213386,0
11.249781145356017,76.00017872774515,26,8.886911392211914,0.36929488,0
11.499602625869656,76.00017872774515,124,11.883977890014648,0.35097668,0
11.750232590139007,76.00017872774515,761,6.061373710632324,0.25878742,0
15.749801729624352,76.00017872774515,746,28.89817237854004,0.02505044,0
21.750368164485934,76.00017872774515,345,5.183828830718994,0.0015689423,0
22.000189644999573,76.00017872774515,327,5.786379814147949,0.0030967,0
25.250294342943995,76.00017872774515,239,5.297609806060791,0.0032659047,0
32.49996818037377,76.00017872774515,2323,9.156050682067871,0.36300978,0
32.749789660887416,76.00017872774515,1589,46.81550216674805,0.5714963,0
32.99961114140105,76.00017872774515,2849,24.952289581298828,0.24179496,0
33.2502411056704,76.00017872774515,4204,30.909027099609375,0.3985964,0
33.500062586184036,76.00017872774515,4646,39.3660774230957,0.0043457807,0
33.749884066697675,76.00017872774515,3930,32.97476577758789,0.21947338,0
33.99970554721131,76.00017872774515,5396,14.873329162597656,0.1677947,0
34.25033551148066,76.00017872774515,3651,27.93190574645996,0.71715,0
34.5001569919943,76.00017872774515,4093,17.482942581176758,0.6056453,0
34.749978472507934,76.00017872774515,4867,17.665361404418945,0.101246044,0
34.99979995302158,76.00017872774515,4280,21.894634246826172,0.6439157,0
35.24962143353522,76.00017872774515,4382,37.71042251586914,0.50609225,0
10.999959664842379,76.25000020825877,211,18.795644760131836,0.22838892,0
11.249781145356017,76.25000020825877,41,6.59364128112793,0.24111919,0
11.499602625869656,76.25000020825877,873,21.489578247070312,0.25702918,0
11.750232590139007,76.25000020825877,945,7.592700481414795,0.111607224,0
13.24996995697655,76.25000020825877,857,5.087785243988037,0.04487755,0
22.000189644999573,76.25000020825877,264,5.941383361816406,0.005406731,0
23.49992701183711,76.25000020825877,426,5.1728010177612305,0.004016486,0
23.749748492350747,76.25000020825877,409,5.460450649261475,0.004957917,0
27.249674670808815,76.25000020825877,486,10.123702049255371,0.0013825537,0
27.500304635078166,76.25000020825877,542,14.367101669311523,0.00481315,0
31.74969525507715,76.25000020825877,675,15.182441711425781,0.34669453,0
32.25014669986014,76.25000020825877,1300,47.08290481567383,0.5829896,0
32.49996818037377,76.25000020825877,2154,25.236751556396484,0.47345182,0
32.749789660887416,76.25000020825877,2167,25.53025245666504,0.5820354,0
32.99961114140105,76.25000020825877,4065,27.074121475219727,0.1145578,0
33.2502411056704,76.25000020825877,2987,35.49528884887695,0.4709002,0
33.500062586184036,76.25000020825877,4300,31.34087562561035,0.034563687,0
33.749884066697675,76.25000020825877,5648,44.1540412902832,0.03540521,0
33.99970554721131,76.25000020825877,5521,28.505165100097656,0.04848973,0
34.25033551148066,76.25000020825877,4566,36.46078872680664,0.08009558,0
34.5001569919943,76.25000020825877,4036,23.66449737548828,0.6643946,0
34.749978472507934,76.25000020825877,3094,22.965007781982422,0.9619769,0
34.99979995302158,76.25000020825877,4365,25.34803581237793,0.38252792,0
35.24962143353522,76.25000020825877,2984,26.39096450805664,0.8977278,0
9.750043778518481,76.49982168877239,21,6.837162971496582,0.595436,0
10.249686739545758,76.49982168877239,62,7.718058109283447,0.40923288,0
10.500316703815102,76.49982168877239,303,22.909799575805664,0.2168809,0
11.249781145356017,76.49982168877239,2245,26.98118019104004,0.4402445,0
11.499602625869656,76.49982168877239,973,9.363062858581543,0.22030579,0
14.00024288227317,76.49982168877239,767,10.029073715209961,0.01767979,0
20.499643794406325,76.49982168877239,512,14.106053352355957,0.016124504,0
21.249916719702945,76.49982168877239,411,14.928908348083496,0.030994806,0
22.25001112551321,76.49982168877239,208,7.165432929992676,0.01209655,0
25.999758784484918,76.49982168877239,300,19.108043670654297,0.010797292,0
26.75003170978154,76.49982168877239,427,25.181541442871094,0.03792179,0
27.249674670808815,76.49982168877239,521,24.735774993896484,0.019770656,0
27.500304635078166,76.49982168877239,492,21.35350227355957,0.0146358535,0
27.750126115591804,76.49982168877239,393,9.808977127075195,0.0043836436,0
31.00023081353623,76.49982168877239,305,5.087785243988037,0.027404277,0
31.74969525507715,76.49982168877239,770,12.965736389160156,0.5315412,0
32.00032521934649,76.49982168877239,774,16.211706161499023,0.73386973,0
32.25014669986014,76.49982168877239,4373,23.41274070739746,0.028659472,0
32.49996818037377,76.49982168877239,2497,29.249738693237305,0.3615485,0
32.749789660887416,76.49982168877239,2775,47.4929084777832,0.60006446,0
32.99961114140105,76.49982168877239,3327,53.96176528930664,0.0929236,0
33.2502411056704,76.49982168877239,5077,35.75002670288086,0.04953097,0
33.500062586184036,76.49982168877239,5167,47.27050018310547,0.020455122,0
33.749884066697675,76.49982168877239,4755,28.577381134033203,0.06989299,0
33.99970554721131,76.49982168877239,5641,36.99333572387695,0.07699976,0
34.25033551148066,76.49982168877239,4287,25.716970443725586,0.7165566,0
34.5001569919943,76.49982168877239,3445,30.967004776000977,0.8737684,0
34.99979995302158,76.49982168877239,3818,44.84156036376953,0.58546203,0
35.24962143353522,76.49982168877239,4790,38.116451263427734,0.06570877,0
9.500222298004843,76.74964316928606,71,21.295391082763672,0.47455558,0
10.500316703815102,76.74964316928606,684,23.614784240722656,0.13694143,0
11.249781145356017,76.74964316928606,911,34.70003890991211,0.4261731,0
11.499602625869656,76.74964316928606,1200,28.596569061279297,0.7476571,0
14.749707323814086,76.74964316928606,653,18.380163192749023,0.003417802,0
16.500074654920972,76.74964316928606,437,18.07306480407715,0.009345462,0
21.249916719702945,76.74964316928606,767,7.908496379852295,0.05934454,0
31.250052294049873,76.74964316928606,599,19.86066246032715,0.018035695,0
31.49987377456351,76.74964316928606,888,15.658782958984375,0.08047306,0
31.74969525507715,76.74964316928606,828,10.816143035888672,0.24106444,0
32.25014669986014,76.74964316928606,4065,29.214601516723633,0.15863648,0
32.49996818037377,76.74964316928606,3325,49.23963928222656,0.25343853,0
32.749789660887416,76.74964316928606,4884,26.07896614074707,0.007956626,0
32.99961114140105,76.74964316928606,4832,19.76768684387207,0.013804852,0
33.2502411056704,76.74964316928606,5721,24.20598793029785,0.046477344,0
33.500062586184036,76.74964316928606,5100,37.69215393066406,0.040142734,0
33.749884066697675,76.74964316928606,4845,35.11756896972656,0.06676615,0
33.99970554721131,76.74964316928606,5292,27.021221160888672,0.051641133,0
34.25033551148066,76.74964316928606,4282,18.55059051513672,0.7564752,0
34.5001569919943,76.74964316928606,3902,17.286304473876953,0.6463415,0
34.749978472507934,76.74964316928606,5040,42.41257095336914,0.027653417,0
34.99979995302158,76.74964316928606,5054,23.985727310180664,0.06270099,0
35.24962143353522,76.74964316928606,4990,49.420921325683594,0.052014437,0
8.749949372708215,77.00027313355542,74,6.044583320617676,0.5148703,0
9.250400817491204,77.00027313355542,284,19.366466522216797,0.1665132,0
9.500222298004843,77.00027313355542,428,9.275101661682129,0.04458486,0
9.750043778518481,77.00027313355542,845,26.861833572387695,0.39370877,0
9.99986525903212,77.00027313355542,623,14.394028663635254,0.1058978,0
10.249686739545758,77.00027313355542,1366,15.722114562988281,0.2968495,0
10.500316703815102,77.00027313355542,378,28.113800048828125,0.06370564,0
21.249916719702945,77.00027313355542,677,5.780097007751465,0.00809458,0
21.750368164485934,77.00027313355542,437,5.036213397979736,0.0122655835,0
22.000189644999573,77.00027313355542,346,7.935372352600098,0.009509982,0
22.749654086540488,77.00027313355542,351,5.746459007263184,0.007223313,0
30.749600849266887,77.00027313355542,639,32.80491256713867,0.35786185,0
31.00023081353623,77.00027313355542,1034,12.77989387512207,0.4598126,0
31.250052294049873,77.00027313355542,1558,24.88062858581543,0.79565847,0
31.49987377456351,77.00027313355542,1744,23.04730796813965,0.6325608,0
31.74969525507715,77.00027313355542,1259,32.12321853637695,0.15866555,0
32.00032521934649,77.00027313355542,2634,27.05422019958496,0.13965271,0
32.25014669986014,77.00027313355542,4351,5.653557777404785,0.13894181,0
32.49996818037377,77.00027313355542,3102,50.63731002807617,0.14720875,0
32.749789660887416,77.00027313355542,5556,55.02418899536133,0.0055032186,0
32.99961114140105,77.00027313355542,5414,13.04858112335205,0.06848018,0
33.2502411056704,77.00027313355542,4742,17.405872344970703,0.06502585,0
33.500062586184036,77.00027313355542,4258,23.338176727294922,0.6658267,0
33.749884066697675,77.00027313355542,4649,40.1528205871582,0.092637084,0
33.99970554721131,77.00027313355542,4624,51.99185562133789,0.030150652,0
34.25033551148066,77.00027313355542,3856,21.516183853149414,0.79688174,0
34.5001569919943,77.00027313355542,5329,11.303125381469727,0.083079904,0
34.749978472507934,77.00027313355542,4908,33.52793884277344,0.08928857,0
34.99979995302158,77.00027313355542,5301,19.50933074951172,0.048550952,0
35.24962143353522,77.00027313355542,5204,37.414024353027344,0.036348585,0
8.500127892194577,77.25009461406904,310,15.24480152130127,0.044387724,0
8.749949372708215,77.25009461406904,1349,24.195865631103516,0.31311983,0
8.999770853221854,77.25009461406904,210,5.962469577789307,0.007970168,0
9.250400817491204,77.25009461406904,1106,17.081222534179688,0.32912835,0
9.500222298004843,77.25009461406904,937,9.788607597351074,0.08144861,0
9.99986525903212,77.25009461406904,1669,11.030598640441895,0.7576163,0
10.249686739545758,77.25009461406904,1626,67.767333984375,0.6830197,0
13.749612918003827,77.25009461406904,749,9.887212753295898,0.0053766393,0
14.00024288227317,77.25009461406904,766,24.726533889770508,0.032791063,0
14.250064362786809,77.25009461406904,616,6.7313055992126465,0.03270418,0
17.50016906073124,77.25009461406904,507,5.568549156188965,0.0016837165,0
18.500263466541504,77.25009461406904,489,5.878005027770996,0.0043802983,0
18.99990642756878,77.25009461406904,431,7.968039512634277,0.003696358,0
19.500357872351763,77.25009461406904,505,7.191933631896973,0.011814351,0
22.000189644999573,77.25009461406904,559,21.813358306884766,0.047302872,0
24.500021417647375,77.25009461406904,443,5.187808513641357,0.0030784153,0
26.75003170978154,77.25009461406904,344,6.541906356811523,0.010244322,0
30.499779368753245,77.25009461406904,519,7.617222309112549,0.067294255,0
30.749600849266887,77.25009461406904,1599,10.110397338867188,0.70895594,0
31.00023081353623,77.25009461406904,1383,19.327234268188477,0.6482474,0
31.250052294049873,77.25009461406904,944,45.08425521850586,0.6454999,0
31.49987377456351,77.25009461406904,2739,39.94712448120117,0.11663734,0
31.74969525507715,77.25009461406904,1547,35.00021743774414,0.44728985,0
32.00032521934649,77.25009461406904,1557,12.906440734863281,0.5149335,0
32.25014669986014,77.25009461406904,3322,29.254289627075195,0.1436735,0
32.49996818037377,77.25009461406904,4511,32.84947204589844,0.01783005,0
32.749789660887416,77.25009461406904,4010,36.362037658691406,0.23689277,0
32.99961114140105,77.25009461406904,4433,31.481258392333984,0.053088363,0
33.2502411056704,77.25009461406904,5417,24.002483367919922,0.05239868,0
33.500062586184036,77.25009461406904,4898,30.984912872314453,0.113581106,0
33.749884066697675,77.25009461406904,3927,35.481971740722656,0.75799656,0
33.99970554721131,77.25009461406904,3718,28.883817672729492,0.95629364,0
34.5001569919943,77.25009461406904,5468,34.39512252807617,0.13588667,0
34.749978472507934,77.25009461406904,4445,47.35799026489258,0.04260655,0
34.99979995302158,77.25009461406904,5568,40.59904861450195,0.026885787,0
35.24962143353522,77.25009461406904,4777,54.04877471923828,0.0592325,0
8.500127892194577,77.49991609458266,477,26.302465438842773,0.025028836,0
10.249686739545758,77.49991609458266,2062,12.807126998901367,0.82176554,0
11.750232590139007,77.49991609458266,1123,13.097159385681152,0.5483184,0
12.249875551166284,77.49991609458266,562,6.377650737762451,0.013811294,0
12.499697031679922,77.49991609458266,756,15.775693893432617,0.040962838,0
14.250064362786809,77.49991609458266,568,19.86777114868164,0.009202928,0
19.750179352865402,77.49991609458266,468,5.5691118240356445,0.04078275,0
22.000189644999573,77.49991609458266,752,14.440224647521973,0.04103514,0
22.749654086540488,77.49991609458266,470,17.94580841064453,0.009555932,0
30.749600849266887,77.49991609458266,2166,28.528156280517578,0.41295135,0
31.00023081353623,77.49991609458266,2236,17.956308364868164,0.58458716,0
31.250052294049873,77.49991609458266,2970,39.527225494384766,0.032064456,0
31.49987377456351,77.49991609458266,2759,29.362276077270508,0.2133128,0
31.74969525507715,77.49991609458266,4032,40.59286117553711,0.07219482,0
32.00032521934649,77.49991609458266,2794,28.494192123413086,0.6209483,0
32.25014669986014,77.49991609458266,5196,14.27883243560791,0.0060596843,0
32.49996818037377,77.49991609458266,4745,37.694786071777344,0.004064324,0
32.99961114140105,77.49991609458266,5142,34.062137603759766,0.06099858,0
33.2502411056704,77.49991609458266,5308,36.99650573730469,0.057092164,0
33.500062586184036,77.49991609458266,4591,32.7186393737793,0.0901085,0
33.749884066697675,77.49991609458266,4894,15.377498626708984,0.0567734,0
33.99970554721131,77.49991609458266,4436,27.710412979125977,0.067371376,0
34.25033551148066,77.49991609458266,4801,35.20061111450195,0.04032209,0
34.5001569919943,77.49991609458266,4630,24.602724075317383,0.088187054,0
34.749978472507934,77.49991609458266,4182,41.09589767456055,0.6949103,0
34.99979995302158,77.49991609458266,5553,5.102676868438721,0.1429664,0
35.24962143353522,77.49991609458266,5907,35.72084045410156,0.07297621,0
11.499602625869656,77.74973757509633,209,7.082597255706787,0.0065698675,0
11.750232590139007,77.74973757509633,675,7.963674068450928,0.0074595176,0
12.000054070652645,77.74973757509633,440,13.11376667022705,0.011475318,0
14.749707323814086,77.74973757509633,398,6.0254225730896,0.040066667,0
21.499738200216584,77.74973757509633,766,12.781797409057617,0.3210482,0
22.000189644999573,77.74973757509633,613,5.037588596343994,0.013534147,0
22.49983260602685,77.74973757509633,522,10.552310943603516,0.0060537593,0
24.250199937133736,77.74973757509633,473,8.424495697021484,0.012450598,0
25.250294342943995,77.74973757509633,455,6.592731952667236,0.0020875768,0
26.25038874875426,77.74973757509633,231,7.906778335571289,0.004893261,0
26.5002102292679,77.74973757509633,165,5.487086772918701,0.0035328732,0
30.249957888239607,77.74973757509633,510,10.094282150268555,0.13442072,0
30.749600849266887,77.74973757509633,1995,24.08675193786621,0.566368,0
31.00023081353623,77.74973757509633,2400,36.618568420410156,0.31891805,0
31.250052294049873,77.74973757509633,2054,16.24587631225586,0.7376035,0
31.49987377456351,77.74973757509633,1884,25.0627498626709,0.78002703,0
31.74969525507715,77.74973757509633,4887,39.655174255371094,0.0046220906,0
32.00032521934649,77.74973757509633,5416,15.372888565063477,0.012468333,0
32.25014669986014,77.74973757509633,5386,31.543214797973633,0.011231246,0
32.49996818037377,77.74973757509633,4804,42.117549896240234,0.0036815528,0
32.749789660887416,77.74973757509633,5251,27.84742546081543,0.005092186,0
32.99961114140105,77.74973757509633,5604,18.891023635864258,0.06416842,0
33.2502411056704,77.74973757509633,4937,14.613207817077637,0.06918345,0
33.500062586184036,77.74973757509633,5731,23.36212730407715,0.07757926,0
33.749884066697675,77.74973757509633,3902,34.879638671875,0.88715816,0
33.99970554721131,77.74973757509633,3589,5.79306173324585,0.8660686,0
34.25033551148066,77.74973757509633,5116,29.603668212890625,0.04640162,0
34.5001569919943,77.74973757509633,4406,34.08965301513672,0.4675996,0
34.749978472507934,77.74973757509633,5725,33.001991271972656,0.0714308,0
34.99979995302158,77.74973757509633,5522,6.218949794769287,0.1310223,0
35.24962143353522,77.74973757509633,4784,17.885160446166992,0.08167958,0
10.249686739545758,78.00036753936564,1194,10.505953788757324,0.9544788,0
13.749612918003827,78.00036753936564,759,5.105529308319092,0.00882203,0
14.250064362786809,78.00036753936564,473,6.608743190765381,0.005024899,0
15.250158768597075,78.00036753936564,418,5.680310249328613,0.0013729354,0
18.750084947055143,78.00036753936564,417,8.511037826538086,0.0028429246,0
20.24982231389268,78.00036753936564,362,5.028404712677002,0.041471038,0
20.499643794406325,78.00036753936564,340,12.231192588806152,0.00884797,0
26.25038874875426,78.00036753936564,236,15.744855880737305,0.028241191,0
30.499779368753245,78.00036753936564,1356,22.637819290161133,0.24350101,0
30.749600849266887,78.00036753936564,2559,26.973690032958984,0.21732068,0
31.00023081353623,78.00036753936564,1652,49.751930236816406,0.5306232,0
31.250052294049873,78.00036753936564,3036,29.790197372436523,0.3211198,0
31.49987377456351,78.00036753936564,3622,34.694923400878906,0.084781975,0
31.74969525507715,78.00036753936564,3926,28.617170333862305,0.09055555,0
32.00032521934649,78.00036753936564,5318,36.581443786621094,0.007122042,0
32.25014669986014,78.00036753936564,4475,22.630796432495117,0.011518297,0
32.49996818037377,78.00036753936564,5369,5.784549236297607,0.021396162,0
33.2502411056704,78.00036753936564,4823,29.044397354125977,0.111606546,0
33.749884066697675,78.00036753936564,4043,46.009666442871094,0.40335226,0
33.99970554721131,78.00036753936564,5305,35.17377471923828,0.101703696,0
34.25033551148066,78.00036753936564,5315,6.922303199768066,0.26980004,0
34.5001569919943,78.00036753936564,5358,12.146803855895996,0.02661408,0
34.749978472507934,78.00036753936564,6050,56.08902359008789,0.04104813,0
34.99979995302158,78.00036753936564,4653,35.0797119140625,0.044843327,0
11.750232590139007,78.25018901987931,782,30.14516258239746,0.19712606,0
12.499697031679922,78.25018901987931,587,10.042986869812012,0.0061118426,0
12.750326995949266,78.25018901987931,778,9.423503875732422,0.008325281,0
14.00024288227317,78.25018901987931,804,26.548078536987305,0.011497939,0
15.499980249110713,78.25018901987931,318,14.586407661437988,0.0017862064,0
20.24982231389268,78.25018901987931,386,5.981809616088867,0.033112608,0
22.25001112551321,78.25018901987931,1004,5.569844722747803,0.73152786,0
22.49983260602685,78.25018901987931,807,30.539018630981445,0.18807554,0
23.25010553132347,78.25018901987931,434,6.677018165588379,0.0054321038,0
30.000136407725968,78.25018901987931,354,8.032630920410156,0.011929526,0
30.249957888239607,78.25018901987931,1013,25.677885055541992,0.47673553,0
30.499779368753245,78.25018901987931,1541,19.46985626220703,0.3341625,0
30.749600849266887,78.25018901987931,2045,27.099607467651367,0.29382798,0
31.00023081353623,78.25018901987931,2931,36.61262893676758,0.26778767,0
31.250052294049873,78.25018901987931,4487,20.283655166625977,0.0072814766,0
31.49987377456351,78.25018901987931,3089,29.378393173217773,0.23017775,0
31.74969525507715,78.25018901987931,4045,42.42071533203125,0.13265882,0
32.00032521934649,78.25018901987931,4278,20.92766761779785,0.1849399,0
32.25014669986014,78.25018901987931,5543,29.469972610473633,0.007727626,0
32.49996818037377,78.25018901987931,5393,22.305007934570312,0.008538976,0
32.749789660887416,78.25018901987931,4815,19.147621154785156,0.048722323,0
32.99961114140105,78.25018901987931,5053,10.548079490661621,0.09895264,0
33.2502411056704,78.25018901987931,4964,27.644147872924805,0.046973318,0
33.500062586184036,78.25018901987931,5571,28.220844268798828,0.0381936,0
33.749884066697675,78.25018901987931,5510,35.57274627685547,0.12070631,0
33.99970554721131,78.25018901987931,5917,46.393577575683594,0.044095162,0
34.25033551148066,78.25018901987931,4699,32.15110778808594,0.07589117,0
34.5001569919943,78.25018901987931,4634,34.44694900512695,0.1326721,0
34.749978472507934,78.25018901987931,4415,34.320335388183594,0.3139378,0
34.99979995302158,78.25018901987931,5687,32.53453063964844,0.04541496,0
35.24962143353522,78.25018901987931,5476,6.891469478607178,0.13425383,0
12.750326995949266,78.50001050039293,429,14.69034481048584,0.007479707,0
14.499885843300447,78.50001050039293,222,14.57791519165039,0.003232102,0
15.99962321013799,78.50001050039293,372,12.821686744689941,0.008676334,0
16.250253174407334,78.50001050039293,492,8.037307739257812,0.0019650888,0
21.750368164485934,78.50001050039293,634,6.542858600616455,0.006278623,0
22.000189644999573,78.50001050039293,629,7.935372352600098,0.013739742,0
22.25001112551321,78.50001050039293,998,8.805445671081543,0.2696488,0
22.49983260602685,78.50001050039293,694,9.169801712036133,0.04551867,0
24.000378456620098,78.50001050039293,538,10.538557052612305,0.008717955,0
30.000136407725968,78.50001050039293,1200,20.943363189697266,0.75379926,0
30.249957888239607,78.50001050039293,919,15.038864135742188,0.6855602,0
30.499779368753245,78.50001050039293,1438,37.6629753112793,0.43033907,0
30.749600849266887,78.50001050039293,1803,33.95793533325195,0.3770022,0
31.00023081353623,78.50001050039293,4815,48.03810501098633,0.0014968473,0
31.250052294049873,78.50001050039293,5095,15.543487548828125,0.004716269,0
31.49987377456351,78.50001050039293,3959,49.45151138305664,0.03401968,0
31.74969525507715,78.50001050039293,3611,31.214221954345703,0.6137539,0
32.00032521934649,78.50001050039293,4398,32.37934494018555,0.07280965,0
32.25014669986014,78.50001050039293,5468,14.43444538116455,0.02355103,0
32.49996818037377,78.50001050039293,5559,38.3084716796875,0.07315743,0
32.749789660887416,78.50001050039293,4445,10.282413482666016,0.07768451,0
32.99961114140105,78.50001050039293,6173,19.221277236938477,0.06430466,0
33.2502411056704,78.50001050039293,4516,21.69002914428711,0.15813383,0
33.749884066697675,78.50001050039293,5945,10.752248764038086,0.024406247,0
33.99970554721131,78.50001050039293,4895,29.122446060180664,0.08932415,0
34.25033551148066,78.50001050039293,4976,18.388181686401367,0.07466391,0
34.5001569919943,78.50001050039293,5538,7.399815082550049,0.14419025,0
34.749978472507934,78.50001050039293,5030,28.17298698425293,0.08631169,0
34.99979995302158,78.50001050039293,5593,25.57940101623535,0.18934156,0
11.750232590139007,78.74983198090655,776,20.949800491333008,0.26985964,0
12.000054070652645,78.74983198090655,446,29.92777442932129,0.095507875,0
12.499697031679922,78.74983198090655,1020,12.843307495117188,0.30501056,0
12.750326995949266,78.74983198090655,458,10.384108543395996,0.0015086182,0
13.499791437490188,78.74983198090655,738,20.940975189208984,0.016376412,0
15.250158768597075,78.74983198090655,573,26.546720504760742,0.025901401,0
15.749801729624352,78.74983198090655,661,6.922303199768066,0.03514149,0
15.99962321013799,78.74983198090655,402,25.84182357788086,0.05250987,0
16.999717615948256,78.74983198090655,604,12.273468971252441,0.015099899,0
19.500357872351763,78.74983198090655,512,17.102476119995117,0.064505376,0
21.000095239189307,78.74983198090655,374,17.38288116455078,0.014995818,0
21.750368164485934,78.74983198090655,558,18.474409103393555,0.05928636,0
23.749748492350747,78.74983198090655,562,6.809877395629883,0.004269544,0
25.250294342943995,78.74983198090655,274,10.025528907775879,0.0042994246,0
29.499684962942982,78.74983198090655,289,6.0298309326171875,0.049906258,0
29.75031492721233,78.74983198090655,698,15.774370193481445,0.18571319,0
30.000136407725968,78.74983198090655,1850,11.73202133178711,0.73983264,0
30.249957888239607,78.74983198090655,945,20.296873092651367,0.11688627,0
30.499779368753245,78.74983198090655,1613,35.810264587402344,0.33664933,0
30.749600849266887,78.74983198090655,3428,19.988224029541016,0.19678697,0
31.00023081353623,78.74983198090655,4292,17.284589767456055,0.057957456,0
31.250052294049873,78.74983198090655,5539,9.790762901306152,0.009957484,0
31.49987377456351,78.74983198090655,5005,17.28668975830078,0.011154186,0
31.74969525507715,78.74983198090655,5098,28.213510513305664,0.006962747,0
32.00032521934649,78.74983198090655,6120,39.487770080566406,0.00486295,0
32.25014669986014,78.74983198090655,3901,49.42654037475586,0.15626183,0
32.49996818037377,78.74983198090655,5165,31.0311279296875,0.0796928,0
32.749789660887416,78.74983198090655,5825,26.515209197998047,0.053839482,0
32.99961114140105,78.74983198090655,4636,9.195145606994629,0.13811871,0
33.2502411056704,78.74983198090655,4973,16.38019371032715,0.20557714,0
33.749884066697675,78.74983198090655,4402,19.983779907226562,0.313187,0
33.99970554721131,78.74983198090655,5769,24.257080078125,0.04238908,0
34.5001569919943,78.74983198090655,5638,22.579004287719727,0.08289708,0
34.749978472507934,78.74983198090655,5572,16.326326370239258,0.09711987,0
35.24962143353522,78.74983198090655,5472,27.10830307006836,0.06300345,0
12.750326995949266,78.99965346142022,656,9.924145698547363,0.0037764304,0
13.499791437490188,78.99965346142022,689,10.113606452941895,0.0024633831,0
14.250064362786809,78.99965346142022,185,14.520768165588379,0.10709027,0
15.749801729624352,78.99965346142022,431,6.621767044067383,0.013438114,0
15.99962321013799,78.99965346142022,696,9.6046781539917,0.0024131208,0
16.500074654920972,78.99965346142022,347,25.179527282714844,0.15104811,0
18.750084947055143,78.99965346142022,347,8.820072174072266,0.0046990635,0
19.500357872351763,78.99965346142022,362,7.934399604797363,0.013600305,0
21.750368164485934,78.99965346142022,476,16.837223052978516,0.037698343,0
22.000189644999573,78.99965346142022,685,10.963998794555664,0.02114689,0
23.49992701183711,78.99965346142022,472,9.160630226135254,0.010683809,0
26.25038874875426,78.99965346142022,142,6.226470947265625,0.008211693,0
29.75031492721233,78.99965346142022,1491,15.805317878723145,0.51229495,0
30.000136407725968,78.99965346142022,1781,16.181560516357422,0.7357818,0
30.249957888239607,78.99965346142022,1250,42.65043258666992,0.80097014,0
30.499779368753245,78.99965346142022,2339,25.63331413269043,0.23310319,0
30.749600849266887,78.99965346142022,5150,24.40569496154785,0.0044501685,0
31.00023081353623,78.99965346142022,4298,34.68687057495117,0.14521931,0
31.250052294049873,78.99965346142022,5269,47.796390533447266,0.0045658797,0
31.49987377456351,78.99965346142022,3958,25.263450622558594,0.38635752,0
31.74969525507715,78.99965346142022,4764,28.14116096496582,0.007578762,0
32.25014669986014,78.99965346142022,5779,8.948482513427734,0.01182749,0
32.49996818037377,78.99965346142022,4880,5.126828193664551,0.11643103,0
32.749789660887416,78.99965346142022,4429,12.961050987243652,0.062079463,0
32.99961114140105,78.99965346142022,5265,30.327041625976562,0.12716067,0
33.2502411056704,78.99965346142022,5008,27.604393005371094,0.11044747,0
33.500062586184036,78.99965346142022,4406,36.3607063293457,0.3847885,0
33.99970554721131,78.99965346142022,5179,33.28303909301758,0.10482193,0
34.25033551148066,78.99965346142022,5611,19.535987854003906,0.10719037,0
34.5001569919943,78.99965346142022,5494,27.126266479492188,0.052807998,0
34.749978472507934,78.99965346142022,5401,17.900131225585938,0.12324218,0
34.99979995302158,78.99965346142022,5505,5.365512371063232,0.112675086,0
35.24962143353522,78.99965346142022,5321,10.65127944946289,0.14784113,0
13.749612918003827,79.25028342568959,658,23.509775161743164,0.01629413,0
16.250253174407334,79.25028342568959,364,9.581674575805664,0.0037108932,0
18.99990642756878,79.25028342568959,362,12.313803672790527,0.010264217,0
19.24972790808242,79.25028342568959,405,11.483848571777344,0.046238415,0
19.500357872351763,79.25028342568959,428,9.734207153320312,0.008531757,0
22.49983260602685,79.25028342568959,829,12.938260078430176,0.05338812,0
22.749654086540488,79.25028342568959,515,8.314474105834961,0.013930248,0
25.74993730397128,79.25028342568959,142,7.169107913970947,0.007982914,0
29.499684962942982,79.25028342568959,1609,36.49201202392578,0.42333832,0
29.75031492721233,79.25028342568959,934,16.201457977294922,0.3751186,0
30.000136407725968,79.25028342568959,1977,21.038570404052734,0.6181835,0
30.249957888239607,79.25028342568959,990,22.315773010253906,0.2303955,0
30.499779368753245,79.25028342568959,2304,23.99726104736328,0.28558245,0
31.00023081353623,79.25028342568959,5546,7.246155738830566,0.0416209,0
31.250052294049873,79.25028342568959,5626,29.85708999633789,0.00457231,0
31.49987377456351,79.25028342568959,4640,19.189790725708008,0.034135625,0
32.25014669986014,79.25028342568959,4625,8.182106971740723,0.050408684,0
32.49996818037377,79.25028342568959,5695,20.55341339111328,0.077070974,0
32.749789660887416,79.25028342568959,5327,17.23131561279297,0.1143735,0
32.99961114140105,79.25028342568959,4342,28.881662368774414,0.37602642,0
33.2502411056704,79.25028342568959,5614,27.75553321838379,0.08414071,0
33.500062586184036,79.25028342568959,5866,16.502622604370117,0.15949062,0
33.99970554721131,79.25028342568959,5375,27.028793334960938,0.1047171,0
34.25033551148066,79.25028342568959,5321,21.657215118408203,0.08166993,0
34.5001569919943,79.25028342568959,5634,12.072869300842285,0.13007282,0
34.99979995302158,79.25028342568959,5289,6.557595729827881,0.18669018,0
35.24962143353522,79.25028342568959,5059,11.028879165649414,0.11165248,0
13.499791437490188,79.5001049062032,212,20.495969772338867,0.008343109,0
13.749612918003827,79.5001049062032,172,7.484569549560547,0.011056805,0
14.00024288227317,79.5001049062032,273,27.074068069458008,0.06976105,0
16.250253174407334,79.5001049062032,238,18.394596099853516,0.008642997,0
24.500021417647375,79.5001049062032,391,11.259605407714844,0.028675517,0
29.249863482429344,79.5001049062032,727,21.681562423706055,0.22083853,0
29.499684962942982,79.5001049062032,990,8.715669631958008,0.513897,0
29.75031492721233,79.5001049062032,1434,17.796377182006836,0.709364,0
30.000136407725968,79.5001049062032,1964,22.004966735839844,0.455934,0
30.249957888239607,79.5001049062032,2351,32.82013702392578,0.13499,0
30.499779368753245,79.5001049062032,2099,44.27716827392578,0.6665496,0
30.749600849266887,79.5001049062032,3165,21.113431930541992,0.357671,0
31.00023081353623,79.5001049062032,5756,8.379840850830078,0.009488716,0
31.250052294049873,79.5001049062032,5007,28.93654441833496,0.006841739,0
31.49987377456351,79.5001049062032,3896,62.852481842041016,0.14712945,0
32.00032521934649,79.5001049062032,4405,11.421000480651855,0.1340078,0
32.25014669986014,79.5001049062032,4767,10.788375854492188,0.03856248,0
32.49996818037377,79.5001049062032,5871,29.943511962890625,0.03491849,0
32.749789660887416,79.5001049062032,4678,16.703712463378906,0.1005667,0
32.99961114140105,79.5001049062032,4961,26.661434173583984,0.10111848,0
33.2502411056704,79.5001049062032,5374,23.631301879882812,0.11508293,0
33.500062586184036,79.5001049062032,4810,8.874550819396973,0.18809208,0
33.749884066697675,79.5001049062032,4329,12.506357192993164,0.5186913,0
33.99970554721131,79.5001049062032,5425,12.902680397033691,0.09671567,0
34.25033551148066,79.5001049062032,5506,29.370267868041992,0.15780613,0
34.5001569919943,79.5001049062032,5582,13.009857177734375,0.061307512,0
13.24996995697655,79.74992638671682,157,11.964792251586914,0.0133990375,0
21.499738200216584,79.74992638671682,335,5.087785243988037,0.03212462,0
23.49992701183711,79.74992638671682,694,14.384196281433105,0.024262773,0
29.249863482429344,79.74992638671682,1681,19.05936050415039,0.69198227,0
29.499684962942982,79.74992638671682,1942,19.913423538208008,0.7251574,0
29.75031492721233,79.74992638671682,1367,36.147369384765625,0.5169782,0
30.000136407725968,79.74992638671682,2112,24.35984230041504,0.5253379,0
30.249957888239607,79.74992638671682,4797,43.95121383666992,0.002795102,0
30.499779368753245,79.74992638671682,3627,22.08112907409668,0.017445771,0
30.749600849266887,79.74992638671682,4507,9.331727027893066,0.007571033,0
31.00023081353623,79.74992638671682,5741,21.759201049804688,0.0058175763,0
31.49987377456351,79.74992638671682,3738,14.990532875061035,0.8848857,0
31.74969525507715,79.74992638671682,4573,7.0066704750061035,0.028126072,0
32.00032521934649,79.74992638671682,4806,9.652180671691895,0.023822157,0
32.25014669986014,79.74992638671682,5801,30.50238800048828,0.053951945,0
32.49996818037377,79.74992638671682,4434,16.23182487487793,0.09766954,0
32.749789660887416,79.74992638671682,4662,13.279816627502441,0.069993176,0
32.99961114140105,79.74992638671682,4794,15.851512908935547,0.08534713,0
33.749884066697675,79.74992638671682,5178,20.339942932128906,0.08697874,0
33.99970554721131,79.74992638671682,5430,29.56747817993164,0.08612935,0
7.000390525357034,79.9997478672305,24,8.524662017822266,0.49706298,0
19.24972790808242,79.9997478672305,362,17.939373016357422,0.04361464,0
21.249916719702945,79.9997478672305,420,16.096538543701172,0.06748211,0
24.500021417647375,79.9997478672305,343,7.459725379943848,0.021242302,0
29.249863482429344,79.9997478672305,1505,30.83334732055664,0.36432013,0
29.499684962942982,79.9997478672305,690,14.394872665405273,0.18318345,0
29.75031492721233,79.9997478672305,1368,17.63813591003418,0.51399064,0
30.000136407725968,79.9997478672305,2067,27.924039840698242,0.74973947,0
30.249957888239607,79.9997478672305,3908,53.99380874633789,0.17390366,0
30.499779368753245,79.9997478672305,5395,22.934078216552734,0.005385107,0
30.749600849266887,79.9997478672305,4884,31.823638916015625,0.00805395,0
31.250052294049873,79.9997478672305,4192,14.952430725097656,0.4078005,0
31.74969525507715,79.9997478672305,5230,13.642664909362793,0.0073562614,0
32.00032521934649,79.9997478672305,5598,32.1092414855957,0.07109371,0
32.749789660887416,79.9997478672305,4698,7.820010662078857,0.22241473,0
32.99961114140105,79.9997478672305,5834,29.439977645874023,0.09938977,0
33.2502411056704,79.9997478672305,4922,32.12965774536133,0.055378262,0
33.749884066697675,79.9997478672305,4511,29.22608757019043,0.07109412,0
33.99970554721131,79.9997478672305,5675,14.797423362731934,0.07674747,0
34.25033551148066,79.9997478672305,6184,24.913185119628906,0.05954815,0
34.749978472507934,79.9997478672305,5485,13.715405464172363,0.13208075,0
6.74976056108769,80.2503778314998,141,6.98380708694458,0.06795088,0
7.000390525357034,80.2503778314998,86,31.82742691040039,0.52415544,0
7.250212005870672,80.2503778314998,206,11.471580505371094,0.2945943,0
17.749990541244877,80.2503778314998,402,24.79955291748047,0.15644988,0
17.999812021758515,80.2503778314998,309,10.458431243896484,0.025399998,0
18.750084947055143,80.2503778314998,86,5.090883255004883,0.016617145,0
20.24982231389268,80.2503778314998,312,27.026506423950195,0.2902118,0
20.750273758675668,80.2503778314998,324,9.648262023925781,0.08261402,0
21.000095239189307,80.2503778314998,384,15.229039192199707,0.085932076,0
22.000189644999573,80.2503778314998,572,5.050477027893066,0.021777255,0
22.749654086540488,80.2503778314998,463,12.207531929016113,0.011062077,0
23.00028405080983,80.2503778314998,586,5.025038719177246,0.14350955,0
24.000378456620098,80.2503778314998,385,5.308429718017578,0.016778676,0
29.000042001915705,80.2503778314998,303,10.027308464050293,0.06507557,0
29.249863482429344,80.2503778314998,1361,21.12047004699707,0.55837107,0
29.499684962942982,80.2503778314998,1560,31.690549850463867,0.5319273,0
29.75031492721233,80.2503778314998,1686,11.13205337524414,0.6245442,0
30.000136407725968,80.2503778314998,2120,35.576332092285156,0.79844147,0
30.249957888239607,80.2503778314998,4448,27.88321304321289,0.0027762307,0
30.499779368753245,80.2503778314998,5332,28.341205596923828,0.009292345,0
30.749600849266887,80.2503778314998,5627,30.747800827026367,0.010852855,0
31.00023081353623,80.2503778314998,4819,17.00705337524414,0.017021509,0
31.49987377456351,80.2503778314998,5917,25.646198272705078,0.013342914,0
31.74969525507715,80.2503778314998,4673,19.43364143371582,0.0083152875,0
32.00032521934649,80.2503778314998,5100,25.144956588745117,0.08554789,0
32.25014669986014,80.2503778314998,5548,18.590421676635742,0.03759642,0
32.49996818037377,80.2503778314998,4605,22.695594787597656,0.055504687,0
32.749789660887416,80.2503778314998,5489,5.668191432952881,0.11952214,0
32.99961114140105,80.2503778314998,5732,32.52499771118164,0.10755766,0
33.2502411056704,80.2503778314998,4903,21.126447677612305,0.13873436,0
33.500062586184036,80.2503778314998,4546,24.959232330322266,0.13101578,0
33.749884066697675,80.2503778314998,4563,30.925352096557617,0.0839773,0
33.99970554721131,80.2503778314998,5258,34.432212829589844,0.092514575,0
34.25033551148066,80.2503778314998,5576,11.97637939453125,0.05626801,0
34.5001569919943,80.2503778314998,5503,20.055389404296875,0.07981102,0
35.24962143353522,80.2503778314998,5058,11.438876152038574,0.13212176,0
6.499939080574052,80.50019931201348,738,8.722657203674316,0.33202922,0
6.74976056108769,80.50019931201348,530,7.687587738037109,0.023972923,0
7.000390525357034,80.50019931201348,695,16.829090118408203,0.24747483,0
7.500033486384311,80.50019931201348,540,33.248558044433594,0.25124165,0
16.749896135434618,80.50019931201348,191,19.549827575683594,0.018363105,0
18.500263466541504,80.50019931201348,234,15.925341606140137,0.05191968,0
19.24972790808242,80.50019931201348,216,5.632779598236084,0.03956133,0
19.750179352865402,80.50019931201348,335,10.072444915771484,0.22425964,0
20.499643794406325,80.50019931201348,348,12.48961067199707,0.07278029,0
21.249916719702945,80.50019931201348,324,7.347156524658203,0.0289945,0
23.49992701183711,80.50019931201348,569,11.993563652038574,0.008939438,0
24.000378456620098,80.50019931201348,412,15.042742729187012,0.019288728,0
24.99966437867465,80.50019931201348,310,23.195249557495117,0.014936005,0
29.000042001915705,80.50019931201348,1208,8.020383834838867,0.5534733,0
29.249863482429344,80.50019931201348,2013,20.145828247070312,0.8254452,0
29.499684962942982,80.50019931201348,1934,16.305479049682617,0.71147144,0
29.75031492721233,80.50019931201348,2273,39.24421310424805,0.36134997,0
30.249957888239607,80.50019931201348,4451,37.023704528808594,0.008397359,0
30.499779368753245,80.50019931201348,6012,26.517730712890625,0.007379054,0
30.749600849266887,80.50019931201348,4812,13.316728591918945,0.015231804,0
31.00023081353623,80.50019931201348,4630,6.1018524169921875,0.03980358,0
31.250052294049873,80.50019931201348,5078,19.082008361816406,0.0083237095,0
31.74969525507715,80.50019931201348,5955,20.803466796875,0.016897716,0
32.00032521934649,80.50019931201348,5649,29.74457550048828,0.087052666,0
32.25014669986014,80.50019931201348,5330,24.934247970581055,0.043718603,0
32.49996818037377,80.50019931201348,5030,28.961851119995117,0.10082079,0
32.99961114140105,80.50019931201348,4571,10.934067726135254,0.19769935,0
33.500062586184036,80.50019931201348,4648,22.31119155883789,0.07989034,0
33.99970554721131,80.50019931201348,5135,18.436452865600586,0.054847367,0
34.5001569919943,80.50019931201348,5477,7.687889575958252,0.15537558,0
34.749978472507934,80.50019931201348,5325,24.68402099609375,0.15962929,0
35.24962143353522,80.50019931201348,5298,5.118152141571045,0.13081889,0
6.74976056108769,80.7500207925271,1195,24.63174819946289,0.75960135,0
7.000390525357034,80.7500207925271,2105,20.951400756835938,0.6813577,0
7.500033486384311,80.7500207925271,858,24.069334030151367,0.35843965,0
7.749854966897949,80.7500207925271,398,9.657386779785156,0.11748756,0
18.99990642756878,80.7500207925271,572,16.697284698486328,0.026244812,0
19.500357872351763,80.7500207925271,387,19.195905685424805,0.06602158,0
19.750179352865402,80.7500207925271,532,7.721153736114502,0.042760678,0
21.249916719702945,80.7500207925271,414,5.513926029205322,0.006623071,0
21.499738200216584,80.7500207925271,711,8.247638702392578,0.06967852,0
22.749654086540488,80.7500207925271,678,8.15633487701416,0.015231347,0
23.00028405080983,80.7500207925271,603,18.132835388183594,0.029440586,0
23.25010553132347,80.7500207925271,670,16.911056518554688,0.040783525,0
23.49992701183711,80.7500207925271,519,6.333061218261719,0.01205089,0
29.000042001915705,80.7500207925271,826,22.545303344726562,0.20872875,0
29.249863482429344,80.7500207925271,1528,24.744003295898438,0.68541735,0
29.499684962942982,80.7500207925271,2118,16.942171096801758,0.764505,0
29.75031492721233,80.7500207925271,1860,31.606002807617188,0.6474689,0
30.000136407725968,80.7500207925271,2359,43.52912521362305,0.5508313,0
30.249957888239607,80.7500207925271,4728,14.674405097961426,0.010640943,0
30.499779368753245,80.7500207925271,5091,15.238565444946289,0.022436792,0
30.749600849266887,80.7500207925271,4573,16.453062057495117,0.007479505,0
31.00023081353623,80.7500207925271,4832,16.46272850036621,0.015354394,0
31.49987377456351,80.7500207925271,5878,28.407751083374023,0.006927971,0
31.74969525507715,80.7500207925271,5551,23.703168869018555,0.0054777577,0
32.00032521934649,80.7500207925271,5467,9.805607795715332,0.08969185,0
32.49996818037377,80.7500207925271,4656,16.66175079345703,0.12818629,0
32.749789660887416,80.7500207925271,5202,17.032325744628906,0.09845324,0
32.99961114140105,80.7500207925271,4766,15.619521141052246,0.09310844,0
33.2502411056704,80.7500207925271,4633,6.076964855194092,0.24871156,0
33.500062586184036,80.7500207925271,4889,5.490538597106934,0.14396389,0
33.749884066697675,80.7500207925271,5163,29.02556610107422,0.067053095,0
34.25033551148066,80.7500207925271,5346,5.356039047241211,0.18104325,0
34.5001569919943,80.7500207925271,5978,20.029489517211914,0.09375718,0
35.24962143353522,80.7500207925271,6176,19.304731369018555,0.11766256,0
6.74976056108769,80.99984227304077,733,8.492908477783203,0.16804357,0
7.000390525357034,80.99984227304077,821,17.27027130126953,0.2190959,0
7.250212005870672,80.99984227304077,102,5.946629524230957,0.30245435,0
17.50016906073124,80.99984227304077,362,25.53068733215332,0.07078463,0
19.24972790808242,80.99984227304077,571,7.327917098999023,0.0342521,0
20.00000083337904,80.99984227304077,372,5.296563625335693,0.012494982,0
22.000189644999573,80.99984227304077,750,7.474139213562012,0.057885963,0
22.25001112551321,80.99984227304077,839,13.02157974243164,0.1302159,0
23.00028405080983,80.99984227304077,721,6.82944393157959,0.10385602,0
23.25010553132347,80.99984227304077,614,10.498496055603027,0.011674861,0
23.749748492350747,80.99984227304077,468,5.087785243988037,0.036802404,0
29.000042001915705,80.99984227304077,1520,35.31069564819336,0.46914032,0
29.249863482429344,80.99984227304077,1116,22.92208480834961,0.62793,0
29.499684962942982,80.99984227304077,2147,21.940397262573242,0.88415426,0
29.75031492721233,80.99984227304077,4259,29.310359954833984,0.037037075,0
30.000136407725968,80.99984227304077,5908,47.641727447509766,0.0035077843,0
30.249957888239607,80.99984227304077,4721,31.271589279174805,0.013835092,0
30.499779368753245,80.99984227304077,4441,8.878543853759766,0.015450656,0
31.250052294049873,80.99984227304077,5576,21.588218688964844,0.0063387984,0
31.49987377456351,80.99984227304077,5478,29.63126564025879,0.012207558,0
32.25014669986014,80.99984227304077,5309,20.44741439819336,0.055731248,0
32.49996818037377,80.99984227304077,5144,28.003231048583984,0.23957786,0
32.749789660887416,80.99984227304077,5579,25.842653274536133,0.047171317,0
32.99961114140105,80.99984227304077,5060,28.694591522216797,0.09644371,0
33.2502411056704,80.99984227304077,4699,10.887660026550293,0.27599528,0
33.749884066697675,80.99984227304077,5335,27.96676254272461,0.07731697,0
33.99970554721131,80.99984227304077,5229,29.711450576782227,0.059976198,0
34.25033551148066,80.99984227304077,5354,26.28521156311035,0.09432743,0
34.749978472507934,80.99984227304077,5596,7.011958599090576,0.1698187,0
35.24962143353522,80.99984227304077,5973,12.457064628601074,0.07385172,0
7.000390525357034,81.24966375355439,353,20.115564346313477,0.20577237,0
18.500263466541504,81.24966375355439,326,10.565568923950195,0.025925409,0
18.750084947055143,81.24966375355439,599,9.963754653930664,0.040642325,0
19.24972790808242,81.24966375355439,787,9.69449520111084,0.19586569,0
19.500357872351763,81.24966375355439,709,18.274490356445312,0.17519853,0
19.750179352865402,81.24966375355439,552,6.134266376495361,0.027814731,0
20.00000083337904,81.24966375355439,529,8.345386505126953,0.015598161,0
22.49983260602685,81.24966375355439,888,10.113190650939941,0.03147914,0
22.749654086540488,81.24966375355439,917,5.590949058532715,0.014403535,0
23.00028405080983,81.24966375355439,756,7.975329875946045,0.08765569,0
24.250199937133736,81.24966375355439,430,8.659674644470215,0.014528374,0
25.50011582345764,81.24966375355439,113,5.113390922546387,0.0053283777,0
29.000042001915705,81.24966375355439,1273,31.427053451538086,0.5199861,0
29.249863482429344,81.24966375355439,876,16.522905349731445,0.24862757,0
29.499684962942982,81.24966375355439,2757,24.83041763305664,0.34892744,0
29.75031492721233,81.24966375355439,2941,27.254451751708984,0.1594726,0
30.000136407725968,81.24966375355439,5042,27.23050308227539,0.0058100163,0
30.249957888239607,81.24966375355439,4387,42.56018829345703,0.031377546,0
30.499779368753245,81.24966375355439,5117,14.772289276123047,0.01680382,0
30.749600849266887,81.24966375355439,4624,5.9325127601623535,0.039546203,0
31.00023081353623,81.24966375355439,4709,9.521402359008789,0.018437866,0
31.74969525507715,81.24966375355439,4977,11.708901405334473,0.0068531507,0
32.00032521934649,81.24966375355439,5453,23.317583084106445,0.2075381,0
32.49996818037377,81.24966375355439,4832,5.117100238800049,0.14227314,0
32.749789660887416,81.24966375355439,5244,21.034507751464844,0.15200737,0
32.99961114140105,81.24966375355439,5143,14.44604206085205,0.06578787,0
33.749884066697675,81.24966375355439,5673,26.294469833374023,0.1290186,0
34.25033551148066,81.24966375355439,5328,16.47859764099121,0.090586774,0
34.99979995302158,81.24966375355439,5218,9.390772819519043,0.059546284,0
35.24962143353522,81.24966375355439,5397,7.292539596557617,0.11535483,0
6.499939080574052,81.50029371782375,68,5.285387992858887,0.0108649675,0
7.500033486384311,81.50029371782375,167,16.03461456298828,0.13321419,0
17.50016906073124,81.50029371782375,100,21.19835662841797,0.101747155,0
18.500263466541504,81.50029371782375,344,7.829946517944336,0.046099458,0
18.99990642756878,81.50029371782375,527,12.216964721679688,0.029495653,0
19.500357872351763,81.50029371782375,563,6.385764122009277,0.03648619,0
22.49983260602685,81.50029371782375,738,15.899725914001465,0.09783232,0
23.49992701183711,81.50029371782375,516,17.950422286987305,0.030993912,0
25.250294342943995,81.50029371782375,138,12.922196388244629,0.011544794,0
28.50039904088843,81.50029371782375,1034,16.630605697631836,0.395239,0
28.750220521402067,81.50029371782375,1170,35.22288513183594,0.62564814,0
29.000042001915705,81.50029371782375,1621,24.653221130371094,0.615493,0
29.249863482429344,81.50029371782375,2745,21.84808349609375,0.14232454,0
29.499684962942982,81.50029371782375,2821,35.070438385009766,0.31925038,0
29.75031492721233,81.50029371782375,5465,45.862464904785156,0.0034557723,0
30.000136407725968,81.50029371782375,5351,34.9150390625,0.0047413795,0
30.249957888239607,81.50029371782375,4630,40.273860931396484,0.0037823801,0
30.499779368753245,81.50029371782375,5332,16.821977615356445,0.008847936,0
31.00023081353623,81.50029371782375,5455,38.663421630859375,0.0047260495,0
31.250052294049873,81.50029371782375,5281,9.195145606994629,0.056420397,0
31.49987377456351,81.50029371782375,5439,17.21549415588379,0.01002717,0
32.00032521934649,81.50029371782375,4859,16.69023323059082,0.10614439,0
32.25014669986014,81.50029371782375,4935,5.180599212646484,0.086521745,0
32.49996818037377,81.50029371782375,5241,11.766260147094727,0.11140344,0
32.749789660887416,81.50029371782375,5316,31.68463897705078,0.10631701,0
32.99961114140105,81.50029371782375,4736,9.948697090148926,0.17231917,0
33.749884066697675,81.50029371782375,5186,6.032050609588623,0.37181622,0
34.25033551148066,81.50029371782375,5566,31.96699333190918,0.14127287,0
34.5001569919943,81.50029371782375,5496,17.674543380737305,0.10531625,0
35.24962143353522,81.50029371782375,6000,13.425263404846191,0.10263902,0
17.50016906073124,81.75011519833737,328,17.65259552001953,0.02267463,0
17.749990541244877,81.75011519833737,785,31.654748916625977,0.27877587,0
17.999812021758515,81.75011519833737,174,16.681840896606445,0.06718491,0
18.249633502272154,81.75011519833737,333,21.270235061645508,0.0856837,0
22.49983260602685,81.75011519833737,669,9.646463394165039,0.05521662,0
22.749654086540488,81.75011519833737,1102,5.136281967163086,0.3532043,0
24.500021417647375,81.75011519833737,400,6.195278644561768,0.009077875,0
28.50039904088843,81.75011519833737,546,13.76218032836914,0.35983354,0
28.750220521402067,81.75011519833737,1810,33.58993911743164,0.94827324,0
29.249863482429344,81.75011519833737,3088,22.116426467895508,0.42638057,0
29.499684962942982,81.75011519833737,1177,26.421663284301758,0.42696026,0
29.75031492721233,81.75011519833737,3245,22.406660079956055,0.07840698,0
30.000136407725968,81.75011519833737,3068,22.543773651123047,0.3706678,0
30.749600849266887,81.75011519833737,4965,6.1013593673706055,0.07275762,0
31.00023081353623,81.75011519833737,5628,21.34839630126953,0.0044053067,0
31.74969525507715,81.75011519833737,5107,19.963825225830078,0.009274925,0
32.25014669986014,81.75011519833737,5074,13.547906875610352,0.12517984,0
32.99961114140105,81.75011519833737,4971,7.853484630584717,0.11093593,0
33.2502411056704,81.75011519833737,4666,8.32559871673584,0.060932163,0
33.500062586184036,81.75011519833737,5394,6.2306084632873535,0.25891995,0
33.749884066697675,81.75011519833737,5368,8.81136417388916,0.13153595,0
33.99970554721131,81.75011519833737,4935,10.192811965942383,0.14946137,0
34.25033551148066,81.75011519833737,5786,29.56325912475586,0.13956966,0
34.99979995302158,81.75011519833737,5272,27.44735336303711,0.08115574,0
35.24962143353522,81.75011519833737,5823,12.55795669555664,0.02591853,0
17.749990541244877,81.99993667885099,403,7.921749114990234,0.020877646,0
17.999812021758515,81.99993667885099,401,17.65260124206543,0.05741781,0
18.249633502272154,81.99993667885099,234,14.719118118286133,0.15105791,0
23.49992701183711,81.99993667885099,701,7.505307197570801,0.045728818,0
24.000378456620098,81.99993667885099,497,20.50615692138672,0.048918065,0
24.250199937133736,81.99993667885099,312,6.011753082275391,0.007133853,0
24.500021417647375,81.99993667885099,291,15.648212432861328,0.0067014187,0
27.999947596105443,81.99993667885099,225,14.231042861938477,0.016362807,0
28.50039904088843,81.99993667885099,1154,19.302846908569336,0.3630356,0
28.750220521402067,81.99993667885099,1586,15.892654418945312,0.68608874,0
29.000042001915705,81.99993667885099,3055,34.78204345703125,0.26957598,0
29.249863482429344,81.99993667885099,2742,25.830808639526367,0.18114753,0
29.499684962942982,81.99993667885099,2937,34.346832275390625,0.37656158,0
29.75031492721233,81.99993667885099,2562,43.58916473388672,0.1384287,0
30.000136407725968,81.99993667885099,3568,45.516387939453125,0.08030051,0
30.249957888239607,81.99993667885099,5371,25.269147872924805,0.016592376,0
31.250052294049873,81.99993667885099,5519,16.63727378845215,0.027970891,0
31.49987377456351,81.99993667885099,5381,27.033769607543945,0.020211974,0
31.74969525507715,81.99993667885099,4830,15.491113662719727,0.01585367,0
32.749789660887416,81.99993667885099,4960,31.725849151611328,0.19717999,0
32.99961114140105,81.99993667885099,4716,15.630636215209961,0.09294227,0
33.2502411056704,81.99993667885099,4759,8.272011756896973,0.12038749,0
33.500062586184036,81.99993667885099,5541,25.567672729492188,0.19563624,0
33.99970554721131,81.99993667885099,5806,31.6707763671875,0.08686227,0
34.25033551148066,81.99993667885099,5797,25.887474060058594,0.1488038,0
35.24962143353522,81.99993667885099,5659,18.62777328491211,0.08911847,0
17.2503475802176,82.24975815936466,43,5.825328350067139,0.024192465,0
17.749990541244877,82.24975815936466,657,23.41012191772461,0.07116764,0
17.999812021758515,82.24975815936466,1015,17.69916534423828,0.45173797,0
18.249633502272154,82.24975815936466,856,20.85317039489746,0.17910808,0
18.750084947055143,82.24975815936466,598,8.28909969329834,0.093351565,0
20.24982231389268,82.24975815936466,604,9.246334075927734,0.009562651,0
20.750273758675668,82.24975815936466,364,11.2950439453125,0.064078815,0
21.000095239189307,82.24975815936466,327,5.507876873016357,0.007241298,0
23.00028405080983,82.24975815936466,393,6.23189640045166,0.046119865,0
27.500304635078166,82.24975815936466,113,5.2341203689575195,0.009077678,0
27.999947596105443,82.24975815936466,749,21.1616153717041,0.28790098,0
28.24976907661908,82.24975815936466,1487,26.01487922668457,0.75979626,0
28.50039904088843,82.24975815936466,1442,24.73904800415039,0.38400656,0
28.750220521402067,82.24975815936466,1932,32.085044860839844,0.7403721,0
29.000042001915705,82.24975815936466,2997,20.70580291748047,0.32421386,0
29.249863482429344,82.24975815936466,2599,26.353490829467773,0.45523825,0
29.499684962942982,82.24975815936466,2891,32.38401794433594,0.12580031,0
29.75031492721233,82.24975815936466,3938,58.624263763427734,0.027406443,0
30.000136407725968,82.24975815936466,4583,43.5529670715332,0.0010235397,0
30.499779368753245,82.24975815936466,5152,8.149176597595215,0.025358817,0
30.749600849266887,82.24975815936466,5687,16.97422981262207,0.014938698,0
32.49996818037377,82.24975815936466,4862,17.13531494140625,0.12517616,0
33.500062586184036,82.24975815936466,5391,8.072750091552734,0.10143288,0
33.99970554721131,82.24975815936466,5981,28.85513687133789,0.0997147,0
34.5001569919943,82.24975815936466,5225,7.462310314178467,0.20125723,0
34.749978472507934,82.24975815936466,5392,6.771788597106934,0.16286364,0
17.749990541244877,82.50038812363397,530,24.593820571899414,0.013876093,0
17.999812021758515,82.50038812363397,1117,12.380939483642578,0.5688562,0
18.249633502272154,82.50038812363397,1013,11.713982582092285,0.20954722,0
18.500263466541504,82.50038812363397,879,20.49922752380371,0.16776954,0
19.750179352865402,82.50038812363397,509,20.236309051513672,0.042271078,0
20.750273758675668,82.50038812363397,476,5.516234397888184,0.003159441,0
21.499738200216584,82.50038812363397,403,5.430086612701416,0.0049166535,0
22.749654086540488,82.50038812363397,524,21.295703887939453,0.022530472,0
23.49992701183711,82.50038812363397,809,7.850377559661865,0.06626101,0
23.749748492350747,82.50038812363397,784,7.420738697052002,0.045309246,0
27.750126115591804,82.50038812363397,387,5.715681076049805,0.012890654,0
28.24976907661908,82.50038812363397,1561,31.3779239654541,0.34148586,0
28.50039904088843,82.50038812363397,2149,22.26146697998047,0.618632,0
28.750220521402067,82.50038812363397,3279,30.206464767456055,0.076756455,0
29.000042001915705,82.50038812363397,3494,25.152034759521484,0.056044403,0
29.249863482429344,82.50038812363397,4636,27.0781192779541,0.012100358,0
29.499684962942982,82.50038812363397,4884,30.68994903564453,0.008395727,0
29.75031492721233,82.50038812363397,4298,33.2564811706543,0.018853689,0
30.249957888239607,82.50038812363397,4929,11.005453109741211,0.03461141,0
30.499779368753245,82.50038812363397,4974,16.523765563964844,0.014016476,0
30.749600849266887,82.50038812363397,5676,26.270986557006836,0.004532309,0
31.00023081353623,82.50038812363397,5532,5.96571683883667,0.029896941,0
31.250052294049873,82.50038812363397,5398,20.80400848388672,0.02833412,0
31.49987377456351,82.50038812363397,5277,21.616249084472656,0.014807143,0
32.00032521934649,82.50038812363397,5450,15.96298599243164,0.06511653,0
32.49996818037377,82.50038812363397,4588,17.247682571411133,0.07419391,0
33.500062586184036,82.50038812363397,5142,33.21921157836914,0.09037726,0
33.749884066697675,82.50038812363397,5575,29.964855194091797,0.08739404,0
33.99970554721131,82.50038812363397,5161,5.792647361755371,0.21051072,0
34.749978472507934,82.50038812363397,5306,15.75385856628418,0.17418441,0
35.24962143353522,82.50038812363397,5348,11.7321195602417,0.12719102,0
17.50016906073124,82.75020960414764,79,10.197115898132324,0.06286115,0
17.999812021758515,82.75020960414764,556,29.018728256225586,0.11521899,0
18.249633502272154,82.75020960414764,987,7.960119724273682,0.2225358,0
18.500263466541504,82.75020960414764,1094,20.844335556030273,0.67216283,0
18.99990642756878,82.75020960414764,804,6.181556701660156,0.36078724,0
20.499643794406325,82.75020960414764,352,6.475058078765869,0.030831309,0
21.499738200216584,82.75020960414764,414,18.520559310913086,0.024421403,0
22.49983260602685,82.75020960414764,431,24.900882720947266,0.033894308,0
24.250199937133736,82.75020960414764,372,9.577022552490234,0.005951969,0
24.500021417647375,82.75020960414764,354,30.30604362487793,0.10511469,0
27.750126115591804,82.75020960414764,587,28.225379943847656,0.091994435,0
27.999947596105443,82.75020960414764,915,23.490463256835938,0.16176294,0
28.24976907661908,82.75020960414764,1121,46.25886917114258,0.5454479,0
28.50039904088843,82.75020960414764,2850,31.306432723999023,0.24585693,0
28.750220521402067,82.75020960414764,3937,37.05707931518555,0.08874441,0
29.000042001915705,82.75020960414764,2796,31.993818283081055,0.25555924,0
29.249863482429344,82.75020960414764,4596,15.031801223754883,0.0137911355,0
29.499684962942982,82.75020960414764,3808,43.54949188232422,0.057274856,0
29.75031492721233,82.75020960414764,5307,8.048375129699707,0.0066107158,0
30.249957888239607,82.75020960414764,4876,10.344058990478516,0.009062477,0
30.499779368753245,82.75020960414764,5080,17.934751510620117,0.009112517,0
30.749600849266887,82.75020960414764,5609,28.48502540588379,0.017293336,0
31.00023081353623,82.75020960414764,5580,20.403995513916016,0.013892284,0
31.49987377456351,82.75020960414764,4924,5.3402838706970215,0.026401883,0
31.74969525507715,82.75020960414764,5373,11.20616340637207,0.01712265,0
32.00032521934649,82.75020960414764,5150,15.39366626739502,0.11720178,0
32.25014669986014,82.75020960414764,4980,24.004568099975586,0.10995491,0
33.500062586184036,82.75020960414764,5054,16.38096809387207,0.0931593,0
33.749884066697675,82.75020960414764,5322,9.567191123962402,0.052836593,0
34.5001569919943,82.75020960414764,5586,12.903429985046387,0.3102826,0
17.749990541244877,83.00003108466126,66,12.00321102142334,0.0153167425,0
18.249633502272154,83.00003108466126,985,16.00812339782715,0.4716112,0
18.500263466541504,83.00003108466126,1088,14.633548736572266,0.37266093,0
18.750084947055143,83.00003108466126,1335,24.782712936401367,0.6182171,0
18.99990642756878,83.00003108466126,810,8.614726066589355,0.08668104,0
19.24972790808242,83.00003108466126,826,5.18077278137207,0.14630501,0
19.500357872351763,83.00003108466126,794,17.170167922973633,0.10346756,0
19.750179352865402,83.00003108466126,437,10.762589454650879,0.017960027,0
20.00000083337904,83.00003108466126,261,5.226603984832764,0.004205993,0
21.499738200216584,83.00003108466126,334,6.7762322425842285,0.008424016,0
23.49992701183711,83.00003108466126,582,15.5667724609375,0.038029276,0
23.749748492350747,83.00003108466126,415,6.511132717132568,0.033342503,0
24.250199937133736,83.00003108466126,273,12.662769317626953,0.010125507,0
27.999947596105443,83.00003108466126,1163,27.989124298095703,0.6958461,0
28.24976907661908,83.00003108466126,1953,33.76523971557617,0.4944771,0
28.50039904088843,83.00003108466126,3013,10.305861473083496,0.44393098,0
28.750220521402067,83.00003108466126,4572,31.85835075378418,0.010968719,0
29.000042001915705,83.00003108466126,5052,20.35294532775879,0.0066189347,0
29.249863482429344,83.00003108466126,4633,22.140220642089844,0.0059792614,0
29.499684962942982,83.00003108466126,4293,25.44993782043457,0.078205466,0
29.75031492721233,83.00003108466126,5250,24.915712356567383,0.008476126,0
30.000136407725968,83.00003108466126,4734,5.815278053283691,0.026016697,0
30.499779368753245,83.00003108466126,5758,34.820804595947266,0.013136964,0
30.749600849266887,83.00003108466126,5243,11.783675193786621,0.015639024,0
31.00023081353623,83.00003108466126,5709,20.99424171447754,0.00996418,0
31.74969525507715,83.00003108466126,4926,10.004493713378906,0.020351373,0
32.00032521934649,83.00003108466126,4946,12.212361335754395,0.028657228,0
32.49996818037377,83.00003108466126,4872,31.12435531616211,0.113581106,0
32.99961114140105,83.00003108466126,4610,5.383167743682861,0.07629599,0
33.500062586184036,83.00003108466126,5101,13.382559776306152,0.15403524,0
33.749884066697675,83.00003108466126,5372,5.334166049957275,0.12252625,0
34.25033551148066,83.00003108466126,5311,16.59642791748047,0.076938145,0
34.5001569919943,83.00003108466126,5304,7.102978229522705,0.20660505,0
34.749978472507934,83.00003108466126,5157,9.003203392028809,0.08865653,0
18.249633502272154,83.24985256517493,460,23.978519439697266,0.038488764,0
18.750084947055143,83.24985256517493,310,23.131088256835938,0.025306359,0
18.99990642756878,83.24985256517493,757,17.6729679107666,0.120281376,0
19.24972790808242,83.24985256517493,789,27.966129302978516,0.16639505,0
19.500357872351763,83.24985256517493,717,33.27193069458008,0.6442704,0
19.750179352865402,83.24985256517493,666,7.514959812164307,0.02047664,0
20.00000083337904,83.24985256517493,272,18.451263427734375,0.015665868,0
22.000189644999573,83.24985256517493,465,10.879984855651855,0.0109831095,0
22.25001112551321,83.24985256517493,415,14.760398864746094,0.09558972,0
22.49983260602685,83.24985256517493,372,12.386439323425293,0.013934584,0
22.749654086540488,83.24985256517493,848,18.734811782836914,0.11782058,0
23.49992701183711,83.24985256517493,610,9.3245267868042,0.012047087,0
24.250199937133736,83.24985256517493,250,6.336767196655273,0.018678134,0
27.750126115591804,83.24985256517493,290,18.1428165435791,0.04802283,0
27.999947596105443,83.24985256517493,974,29.267982482910156,0.23782352,0
28.24976907661908,83.24985256517493,2020,23.205730438232422,0.5198226,0
28.50039904088843,83.24985256517493,3567,19.314998626708984,0.26206794,0
28.750220521402067,83.24985256517493,5523,20.626094818115234,0.0032337294,0
29.000042001915705,83.24985256517493,5158,31.379898071289062,0.010452614,0
29.249863482429344,83.24985256517493,4783,23.7029972076416,0.007866931,0
29.499684962942982,83.24985256517493,5325,29.771814346313477,0.012664444,0
30.249957888239607,83.24985256517493,4672,7.193302154541016,0.025618764,0
30.499779368753245,83.24985256517493,5206,5.099306106567383,0.030430518,0
30.749600849266887,83.24985256517493,5673,17.6129207611084,0.009481149,0
31.00023081353623,83.24985256517493,4971,7.013336658477783,0.041519664,0
31.250052294049873,83.24985256517493,5262,26.70630645751953,0.0071397056,0
32.00032521934649,83.24985256517493,4912,7.729709625244141,0.16941908,0
33.2502411056704,83.24985256517493,5143,5.695199489593506,0.0824174,0
33.500062586184036,83.24985256517493,5314,7.751899719238281,0.16499807,0
33.749884066697675,83.24985256517493,5197,11.282114028930664,0.09030847,0
19.24972790808242,83.49967404568855,376,35.70182418823242,0.58332175,0
19.500357872351763,83.49967404568855,406,16.69952964782715,0.021459285,0
20.00000083337904,83.49967404568855,473,16.83342933654785,0.0050781695,0
22.000189644999573,83.49967404568855,289,6.606382369995117,0.038999494,0
23.25010553132347,83.49967404568855,876,17.358652114868164,0.045128513,0
23.49992701183711,83.49967404568855,711,12.7948579788208,0.19693571,0
27.999947596105443,83.49967404568855,1278,49.47976303100586,0.2896436,0
28.24976907661908,83.49967404568855,1579,25.71030616760254,0.6523056,0
28.50039904088843,83.49967404568855,2336,24.422748565673828,0.032263987,0
28.750220521402067,83.49967404568855,4707,29.138784408569336,0.022523165,0
29.000042001915705,83.49967404568855,5564,34.00600051879883,0.005067181,0
29.249863482429344,83.49967404568855,5510,19.501680374145508,0.005197468,0
29.499684962942982,83.49967404568855,5017,5.311304569244385,0.017800953,0
29.75031492721233,83.49967404568855,4771,5.640679836273193,0.015512806,0
30.249957888239607,83.49967404568855,4874,10.807755470275879,0.007877367,0
30.499779368753245,83.49967404568855,5480,15.426084518432617,0.02573695,0
31.00023081353623,83.49967404568855,6217,10.661453247070312,0.0151069565,0
31.49987377456351,83.49967404568855,5970,12.101669311523438,0.039398506,0
31.74969525507715,83.49967404568855,5970,7.7740983963012695,0.08413802,0
32.25014669986014,83.49967404568855,5035,6.285216331481934,0.09520949,0
32.99961114140105,83.49967404568855,4766,6.018301010131836,0.19506516,0
33.2502411056704,83.49967404568855,5217,7.901288032531738,0.08635218,0
33.749884066697675,83.49967404568855,5508,11.86385440826416,0.09270982,0
33.99970554721131,83.49967404568855,5011,7.455044269561768,0.2573627,0
34.25033551148066,83.49967404568855,5348,14.964094161987305,0.25987443,0
34.99979995302158,83.49967404568855,5265,7.4477691650390625,0.20305778,0
18.750084947055143,83.75030400995792,576,15.930240631103516,0.02449716,0
20.24982231389268,83.75030400995792,765,11.778202056884766,0.044811916,0
21.499738200216584,83.75030400995792,359,30.458463668823242,0.25977144,0
23.00028405080983,83.75030400995792,898,12.951355934143066,0.0749917,0
23.25010553132347,83.75030400995792,838,5.185914039611816,0.099510655,0
24.250199937133736,83.75030400995792,273,14.903849601745605,0.035921257,0
27.750126115591804,83.75030400995792,1330,27.442853927612305,0.49103132,0
27.999947596105443,83.75030400995792,780,13.147942543029785,0.19532132,0
28.24976907661908,83.75030400995792,1382,21.097190856933594,0.79622775,0
28.50039904088843,83.75030400995792,4532,22.578304290771484,0.006171966,0
28.750220521402067,83.75030400995792,3336,22.940505981445312,0.7675659,0
29.000042001915705,83.75030400995792,5628,14.849349975585938,0.012327156,0
29.249863482429344,83.75030400995792,5642,16.859142303466797,0.006229381,0
29.499684962942982,83.75030400995792,5263,18.541210174560547,0.013154885,0
29.75031492721233,83.75030400995792,4689,12.499947547912598,0.015963053,0
30.000136407725968,83.75030400995792,4936,12.370952606201172,0.008820788,0
30.249957888239607,83.75030400995792,4998,19.6274356842041,0.022605652,0
30.499779368753245,83.75030400995792,5500,17.491031646728516,0.013348514,0
31.00023081353623,83.75030400995792,5224,22.74843978881836,0.0064366083,0
31.250052294049873,83.75030400995792,5541,9.705004692077637,0.097058,0
31.49987377456351,83.75030400995792,4916,27.636869430541992,0.08354553,0
31.74969525507715,83.75030400995792,5191,16.43954086303711,0.12733829,0
32.00032521934649,83.75030400995792,4698,11.057585716247559,0.034463957,0
32.25014669986014,83.75030400995792,4665,23.69247817993164,0.08660194,0
33.500062586184036,83.75030400995792,4995,10.718685150146484,0.03904875,0
18.750084947055143,84.00012549047153,81,6.139029026031494,0.022459522,0
18.99990642756878,84.00012549047153,327,23.984216690063477,0.025681306,0
19.24972790808242,84.00012549047153,538,19.922731399536133,0.029740054,0
19.500357872351763,84.00012549047153,290,6.752674579620361,0.020130035,0
19.750179352865402,84.00012549047153,646,22.543493270874023,0.029838756,0
20.00000083337904,84.00012549047153,724,9.836674690246582,0.08604196,0
21.249916719702945,84.00012549047153,204,5.6570892333984375,0.021917837,0
22.49983260602685,84.00012549047153,400,5.258225917816162,0.0048298407,0
23.00028405080983,84.00012549047153,876,10.329113006591797,0.03370418,0
23.25010553132347,84.00012549047153,900,9.152044296264648,0.02220985,0
24.749842898161013,84.00012549047153,458,15.357327461242676,0.023892133,0
27.750126115591804,84.00012549047153,1040,43.9575309753418,0.61739564,0
27.999947596105443,84.00012549047153,1057,34.67427444458008,0.5807365,0
28.50039904088843,84.00012549047153,3312,5.224221706390381,0.78582436,0
28.750220521402067,84.00012549047153,4973,17.953886032104492,0.010040503,0
29.000042001915705,84.00012549047153,4481,43.860008239746094,0.017284367,0
29.249863482429344,84.00012549047153,4347,12.085282325744629,0.0418034,0
29.75031492721233,84.00012549047153,4637,30.248279571533203,0.007612931,0
30.249957888239607,84.00012549047153,5660,27.498119354248047,0.0076030046,0
30.499779368753245,84.00012549047153,5433,5.649715423583984,0.026059767,0
30.749600849266887,84.00012549047153,5798,22.724119186401367,0.012803681,0
31.00023081353623,84.00012549047153,4638,5.4139018058776855,0.091849774,0
31.250052294049873,84.00012549047153,4550,16.86688232421875,0.04435338,0
31.74969525507715,84.00012549047153,4986,20.069395065307617,0.10769507,0
32.00032521934649,84.00012549047153,4537,7.387811660766602,0.12199106,0
33.99970554721131,84.00012549047153,5550,23.774696350097656,0.059719868,0
34.749978472507934,84.00012549047153,5077,6.4452056884765625,0.21684083,0
18.99990642756878,84.24994697098515,779,7.802326202392578,0.033029165,0
19.24972790808242,84.24994697098515,632,28.814332962036133,0.11171395,0
19.500357872351763,84.24994697098515,748,13.012246131896973,0.073353715,0
19.750179352865402,84.24994697098515,636,18.24074363708496,0.019402578,0
20.00000083337904,84.24994697098515,735,9.092453956604004,0.028552331,0
20.499643794406325,84.24994697098515,605,10.638972282409668,0.014194922,0
20.750273758675668,84.24994697098515,215,18.04253578186035,0.094494976,0
21.249916719702945,84.24994697098515,448,16.92934799194336,0.033652723,0
22.749654086540488,84.24994697098515,532,5.963810443878174,0.016577156,0
23.00028405080983,84.24994697098515,818,11.455230712890625,0.06240567,0
23.25010553132347,84.24994697098515,830,9.975791931152344,0.025620569,0
23.49992701183711,84.24994697098515,1117,6.063198566436768,0.49734932,0
27.500304635078166,84.24994697098515,259,10.588210105895996,0.45224833,0
27.750126115591804,84.24994697098515,687,12.923138618469238,0.14915387,0
27.999947596105443,84.24994697098515,352,11.974761962890625,0.2768284,0
28.24976907661908,84.24994697098515,1450,25.617076873779297,0.6063257,0
28.50039904088843,84.24994697098515,4929,22.540504455566406,0.016981035,0
28.750220521402067,84.24994697098515,4877,28.969684600830078,0.0088738,0
29.249863482429344,84.24994697098515,5163,14.085329055786133,0.017340789,0
29.499684962942982,84.24994697098515,4621,9.029828071594238,0.017220223,0
29.75031492721233,84.24994697098515,5137,19.50560760498047,0.010525848,0
30.000136407725968,84.24994697098515,5247,16.901561737060547,0.013229847,0
30.249957888239607,84.24994697098515,5379,7.0679402351379395,0.025417933,0
30.499779368753245,84.24994697098515,5682,28.6852970123291,0.06807638,0
31.00023081353623,84.24994697098515,4712,8.184525489807129,0.09472889,0
31.250052294049873,84.24994697098515,4842,18.731189727783203,0.05032678,0
32.99961114140105,84.24994697098515,5211,19.166276931762695,0.053118195,0
34.25033551148066,84.24994697098515,5812,38.33601379394531,0.04797071,0
34.749978472507934,84.24994697098515,5433,5.149746417999268,0.33236608,0
18.99990642756878,84.49976845149882,171,10.986943244934082,0.010500128,0
19.24972790808242,84.49976845149882,62,13.436440467834473,0.18150063,0
19.500357872351763,84.49976845149882,372,7.775068283081055,0.013633885,0
19.750179352865402,84.49976845149882,198,9.388053894042969,0.0074880975,0
20.00000083337904,84.49976845149882,184,18.8769588470459,0.017769733,0
20.499643794406325,84.49976845149882,422,8.468668937683105,0.039095733,0
21.249916719702945,84.49976845149882,230,12.800841331481934,0.033040907,0
22.000189644999573,84.49976845149882,505,22.562400817871094,0.08225915,0
22.25001112551321,84.49976845149882,267,5.513974189758301,0.008916532,0
22.749654086540488,84.49976845149882,617,10.065590858459473,0.026169699,0
23.00028405080983,84.49976845149882,729,10.95637035369873,0.20582101,0
27.500304635078166,84.49976845149882,444,18.31818199157715,0.14580347,0
27.750126115591804,84.49976845149882,415,11.88764762878418,0.0340552,0
27.999947596105443,84.49976845149882,657,14.232857704162598,0.2988099,0
28.24976907661908,84.49976845149882,1358,38.76320266723633,0.55916566,0
28.50039904088843,84.49976845149882,4778,13.67155933380127,0.0072204513,0
28.750220521402067,84.49976845149882,5778,39.15232849121094,0.0053306576,0
29.000042001915705,84.49976845149882,5119,7.325132369995117,0.023641538,0
29.499684962942982,84.49976845149882,4667,7.431847095489502,0.034243174,0
29.75031492721233,84.49976845149882,5000,5.648190498352051,0.01853993,0
30.000136407725968,84.49976845149882,5487,21.2370662689209,0.062557496,0
30.499779368753245,84.49976845149882,5486,25.5978946685791,0.033523194,0
30.749600849266887,84.49976845149882,4794,11.89553451538086,0.06506926,0
31.00023081353623,84.49976845149882,4825,30.85015106201172,0.080435716,0
31.250052294049873,84.49976845149882,4690,9.605279922485352,0.034561627,0
31.49987377456351,84.49976845149882,4766,22.43122673034668,0.055539884,0
32.00032521934649,84.49976845149882,5087,16.622957229614258,0.09433427,0
32.749789660887416,84.49976845149882,5299,6.643193244934082,0.13403313,0
32.99961114140105,84.49976845149882,4782,10.179790496826172,0.09904252,0
33.2502411056704,84.49976845149882,4972,5.486304759979248,0.12731822,0
33.500062586184036,84.49976845149882,5194,22.038625717163086,0.10056752,0
20.499643794406325,84.75039841576813,302,13.933056831359863,0.007722782,0
22.000189644999573,84.75039841576813,566,11.322786331176758,0.07594641,0
22.49983260602685,84.75039841576813,346,12.506027221679688,0.022447253,0
23.749748492350747,84.75039841576813,654,6.664859771728516,0.011422419,0
24.250199937133736,84.75039841576813,324,23.377378463745117,0.090599656,0
24.500021417647375,84.75039841576813,180,11.44993782043457,0.006590124,0
27.750126115591804,84.75039841576813,1250,27.85295295715332,0.49468237,0
27.999947596105443,84.75039841576813,752,21.82332420349121,0.3145325,0
28.24976907661908,84.75039841576813,2139,45.1750602722168,0.54708296,0
28.50039904088843,84.75039841576813,4167,12.80989933013916,0.23193362,0
28.750220521402067,84.75039841576813,4366,22.272018432617188,0.057787213,0
29.000042001915705,84.75039841576813,4910,9.727129936218262,0.019379254,0
29.249863482429344,84.75039841576813,4533,10.714188575744629,0.010779406,0
29.499684962942982,84.75039841576813,4904,9.217083930969238,0.0779022,0
29.75031492721233,84.75039841576813,5116,6.213551044464111,0.16745543,0
30.000136407725968,84.75039841576813,5873,19.444072723388672,0.038745556,0
30.749600849266887,84.75039841576813,4953,8.886686325073242,0.346166,0
31.00023081353623,84.75039841576813,5574,33.560630798339844,0.032229636,0
31.250052294049873,84.75039841576813,4892,14.926847457885742,0.095110886,0
31.49987377456351,84.75039841576813,5357,33.88761901855469,0.05963524,0
31.74969525507715,84.75039841576813,5222,11.529314041137695,0.06614864,0
32.749789660887416,84.75039841576813,5183,6.6695661544799805,0.24087459,0
32.99961114140105,84.75039841576813,4951,6.3769965171813965,0.13859569,0
33.2502411056704,84.75039841576813,5371,25.91779899597168,0.084902585,0
33.500062586184036,84.75039841576813,4838,8.296283721923828,0.060082436,0
19.750179352865402,85.0002198962818,362,14.072271347045898,0.011346705,0
22.749654086540488,85.0002198962818,463,5.896411895751953,0.005195792,0
23.749748492350747,85.0002198962818,496,14.080829620361328,0.019957233,0
27.500304635078166,85.0002198962818,1236,33.82326889038086,0.3194558,0
27.750126115591804,85.0002198962818,822,14.230229377746582,0.4637554,0
27.999947596105443,85.0002198962818,1922,27.75255584716797,0.5017785,0
28.24976907661908,85.0002198962818,4340,39.0357551574707,0.036730316,0
28.50039904088843,85.0002198962818,2874,76.95455932617188,0.16462184,0
28.750220521402067,85.0002198962818,5411,39.70109558105469,0.003677368,0
29.499684962942982,85.0002198962818,4802,23.289630889892578,0.028688371,0
29.75031492721233,85.0002198962818,5497,13.59829044342041,0.03905444,0
30.000136407725968,85.0002198962818,5701,28.859046936035156,0.07230762,0
30.249957888239607,85.0002198962818,5651,19.800262451171875,0.08050909,0
30.499779368753245,85.0002198962818,5174,20.482933044433594,0.12707224,0
31.00023081353623,85.0002198962818,5008,26.425861358642578,0.034413762,0
31.49987377456351,85.0002198962818,5278,18.212778091430664,0.04517914,0
31.74969525507715,85.0002198962818,5239,30.84235382080078,0.058905575,0
32.00032521934649,85.0002198962818,4620,6.590521812438965,0.10798489,0
32.749789660887416,85.0002198962818,5120,6.39281702041626,0.29432157,0
34.5001569919943,85.0002198962818,5485,5.118483066558838,0.25784174,0
20.499643794406325,85.25004137679542,601,5.899384021759033,0.010868222,0
22.000189644999573,85.25004137679542,587,5.569766044616699,0.032193076,0
22.49983260602685,85.25004137679542,242,8.28909969329834,0.030987592,0
22.749654086540488,85.25004137679542,440,11.487757682800293,0.010701989,0
23.749748492350747,85.25004137679542,469,20.3900089263916,0.038989738,0
27.249674670808815,85.25004137679542,580,26.13593101501465,0.1031949,0
27.500304635078166,85.25004137679542,918,25.06867218017578,0.073167615,0
27.750126115591804,85.25004137679542,2086,26.40152931213379,0.7591188,0
27.999947596105443,85.25004137679542,1435,31.74410629272461,0.4647665,0
28.24976907661908,85.25004137679542,4069,36.50344467163086,0.05509046,0
28.50039904088843,85.25004137679542,4353,46.08442306518555,0.0099959355,0
28.750220521402067,85.25004137679542,4747,23.89708709716797,0.010843522,0
29.000042001915705,85.25004137679542,5619,12.159358978271484,0.0550308,0
29.249863482429344,85.25004137679542,4595,7.14625883102417,0.079120934,0
29.499684962942982,85.25004137679542,5231,13.368456840515137,0.04653298,0
29.75031492721233,85.25004137679542,5855,6.971001148223877,0.34745634,0
30.249957888239607,85.25004137679542,5558,18.689069747924805,0.06777645,0
30.499779368753245,85.25004137679542,5225,13.840453147888184,0.10519882,0
30.749600849266887,85.25004137679542,4970,10.135595321655273,0.032228515,0
31.49987377456351,85.25004137679542,5302,11.842978477478027,0.03120555,0
31.74969525507715,85.25004137679542,4972,8.286118507385254,0.06102168,0
32.00032521934649,85.25004137679542,4828,18.88479995727539,0.08496664,0
32.49996818037377,85.25004137679542,5333,5.55873966217041,0.045468528,0
32.749789660887416,85.25004137679542,5156,9.684670448303223,0.11443445,0
33.2502411056704,85.25004137679542,5358,7.730045795440674,0.20742163,0
33.99970554721131,85.25004137679542,5299,5.968563556671143,0.20212516,0
34.5001569919943,85.25004137679542,5251,6.784091472625732,0.4871482,0
34.749978472507934,85.25004137679542,5239,12.155753135681152,0.07594198,0
21.000095239189307,85.4998628573091,165,8.820796012878418,0.008898745,0
21.750368164485934,85.4998628573091,629,19.691892623901367,0.023325164,0
22.49983260602685,85.4998628573091,486,19.21231460571289,0.0059049414,0
22.749654086540488,85.4998628573091,406,12.089123725891113,0.026431464,0
23.25010553132347,85.4998628573091,525,6.912158012390137,0.011803367,0
23.49992701183711,85.4998628573091,671,9.827661514282227,0.010611822,0
23.749748492350747,85.4998628573091,363,5.857961654663086,0.0071940813,0
27.249674670808815,85.4998628573091,290,7.0594563484191895,0.08047173,0
27.500304635078166,85.4998628573091,2295,41.9001579284668,0.1780334,0
27.750126115591804,85.4998628573091,1731,20.839885711669922,0.8162431,0
27.999947596105443,85.4998628573091,3410,13.472576141357422,0.34368712,0
28.24976907661908,85.4998628573091,5567,40.06148147583008,0.0070516015,0
28.50039904088843,85.4998628573091,5016,38.16697692871094,0.0053146924,0
29.000042001915705,85.4998628573091,4781,23.438255310058594,0.036489397,0
29.75031492721233,85.4998628573091,5459,18.11504554748535,0.08761725,0
30.249957888239607,85.4998628573091,5276,18.070411682128906,0.038052533,0
30.749600849266887,85.4998628573091,5394,15.453374862670898,0.07726144,0
31.49987377456351,85.4998628573091,5276,15.50429630279541,0.14057027,0
31.74969525507715,85.4998628573091,5487,27.77491569519043,0.0756417,0
32.25014669986014,85.4998628573091,4754,10.364214897155762,0.10586264,0
32.749789660887416,85.4998628573091,5009,8.960097312927246,0.042430207,0
34.749978472507934,85.4998628573091,5267,5.210193634033203,0.18354863,0
21.499738200216584,85.74968433782271,452,6.85762357711792,0.009245732,0
23.49992701183711,85.74968433782271,338,10.221531867980957,0.006869865,0
23.749748492350747,85.74968433782271,316,17.102855682373047,0.07826554,0
27.249674670808815,85.74968433782271,310,7.851395130157471,0.10427094,0
27.500304635078166,85.74968433782271,1652,24.90118980407715,0.7523826,0
27.750126115591804,85.74968433782271,1550,18.364891052246094,0.609179,0
27.999947596105443,85.74968433782271,3207,28.24013328552246,0.095606305,0
28.24976907661908,85.74968433782271,6658,45.08261489868164,0.004310787,0
28.50039904088843,85.74968433782271,5503,16.995769500732422,0.015396481,0
29.000042001915705,85.74968433782271,5301,12.327325820922852,0.08912538,0
29.249863482429344,85.74968433782271,4557,14.39794921875,0.038041066,0
29.75031492721233,85.74968433782271,5297,6.9533305168151855,0.0987212,0
30.000136407725968,85.74968433782271,5962,24.43192481994629,0.07327847,0
30.249957888239607,85.74968433782271,5357,13.008952140808105,0.09603695,0
30.749600849266887,85.74968433782271,4645,6.272117614746094,0.09655438,0
31.74969525507715,85.74968433782271,5252,12.447672843933105,0.10704582,0
32.49996818037377,85.74968433782271,4907,31.338693618774414,0.16233541,0
33.2502411056704,85.74968433782271,5355,8.759702682495117,0.11470831,0
33.99970554721131,85.74968433782271,5316,8.577439308166504,0.11096464,0
34.749978472507934,85.74968433782271,5312,11.722901344299316,0.073887445,0
21.249916719702945,86.00031430209208,203,16.31155014038086,0.04570318,0
22.25001112551321,86.00031430209208,388,9.530365943908691,0.009788621,0
23.25010553132347,86.00031430209208,344,26.183183670043945,0.13972887,0
23.749748492350747,86.00031430209208,224,6.091358661651611,0.0064029777,0
26.999853190295177,86.00031430209208,357,8.099542617797852,0.088783905,0
27.249674670808815,86.00031430209208,1343,10.545433044433594,0.5337355,0
27.500304635078166,86.00031430209208,1515,21.34354019165039,0.61153585,0
27.750126115591804,86.00031430209208,2719,36.81539535522461,0.030109659,0
27.999947596105443,86.00031430209208,3184,41.61211395263672,0.04959542,0
28.24976907661908,86.00031430209208,4241,23.85810661315918,0.22041456,0
28.50039904088843,86.00031430209208,5210,10.682820320129395,0.008901084,0
28.750220521402067,86.00031430209208,5059,18.617996215820312,0.042086285,0
29.000042001915705,86.00031430209208,4923,8.434791564941406,0.042066462,0
29.249863482429344,86.00031430209208,5188,27.904823303222656,0.07755782,0
29.75031492721233,86.00031430209208,5863,29.98821449279785,0.054513942,0
30.000136407725968,86.00031430209208,5179,9.039322853088379,0.12190658,0
30.249957888239607,86.00031430209208,5309,29.110755920410156,0.04916197,0
30.499779368753245,86.00031430209208,5222,19.87967872619629,0.06999926,0
30.749600849266887,86.00031430209208,4951,13.231245994567871,0.04920917,0
31.74969525507715,86.00031430209208,4970,7.726847171783447,0.1936999,0
32.00032521934649,86.00031430209208,4978,12.841782569885254,0.06379989,0
32.749789660887416,86.00031430209208,5602,10.451006889343262,0.13823695,0
34.25033551148066,86.00031430209208,5444,9.167876243591309,0.18742348,0
34.5001569919943,86.00031430209208,5472,16.115692138671875,0.120971516,0
34.749978472507934,86.00031430209208,5280,8.813009262084961,0.13153595,0
21.249916719702945,86.2501357826057,253,7.478294849395752,0.04885156,0
21.750368164485934,86.2501357826057,1025,11.458751678466797,0.54456073,0
22.000189644999573,86.2501357826057,583,6.297072410583496,0.02193159,0
22.49983260602685,86.2501357826057,240,5.95621919631958,0.015590723,0
24.99966437867465,86.2501357826057,95,9.535754203796387,0.0101934355,0
27.249674670808815,86.2501357826057,405,16.8832950592041,0.03346739,0
27.500304635078166,86.2501357826057,2460,31.14012908935547,0.16299208,0
27.750126115591804,86.2501357826057,2232,37.27355194091797,0.2141821,0
27.999947596105443,86.2501357826057,3141,48.47335433959961,0.22987959,0
28.24976907661908,86.2501357826057,5538,20.418954849243164,0.007003669,0
28.750220521402067,86.2501357826057,4943,32.31636047363281,0.039967127,0
29.000042001915705,86.2501357826057,4866,14.855661392211914,0.08810845,0
29.249863482429344,86.2501357826057,4758,21.306943893432617,0.09914489,0
30.000136407725968,86.2501357826057,5620,15.032957077026367,0.1642472,0
30.249957888239607,86.2501357826057,5750,14.842938423156738,0.080907166,0
30.749600849266887,86.2501357826057,4786,9.84173583984375,0.07134372,0
31.250052294049873,86.2501357826057,4971,19.65986442565918,0.1294359,0
31.49987377456351,86.2501357826057,5008,6.221035003662109,0.23545341,0
33.99970554721131,86.2501357826057,5056,7.854714393615723,0.108500406,0
34.749978472507934,86.2501357826057,5134,8.152947425842285,0.07961971,0
21.750368164485934,86.49995726311931,337,37.02389144897461,0.5278076,0
22.000189644999573,86.49995726311931,223,10.238503456115723,0.043536916,0
25.250294342943995,86.49995726311931,83,16.252315521240234,0.046492845,0
26.999853190295177,86.49995726311931,879,20.508291244506836,0.12406639,0
27.249674670808815,86.49995726311931,1392,26.46293830871582,0.7232574,0
27.500304635078166,86.49995726311931,3012,24.430015563964844,0.040824264,0
27.750126115591804,86.49995726311931,4593,23.683069229125977,0.024761764,0
27.999947596105443,86.49995726311931,5746,12.73927116394043,0.0056242323,0
28.24976907661908,86.49995726311931,5473,10.715177536010742,0.00631137,0
28.750220521402067,86.49995726311931,5356,33.86642837524414,0.026541606,0
29.000042001915705,86.49995726311931,5031,16.538850784301758,0.18088101,0
29.75031492721233,86.49995726311931,5930,30.831689834594727,0.09497033,0
30.499779368753245,86.49995726311931,5863,30.255340576171875,0.1057807,0
31.250052294049873,86.49995726311931,5225,7.941121578216553,0.083560534,0
31.49987377456351,86.49995726311931,5311,25.050535202026367,0.09301306,0
32.00032521934649,86.49995726311931,4853,14.214910507202148,0.07875265,0
32.25014669986014,86.49995726311931,4977,15.383793830871582,0.08938638,0
32.49996818037377,86.49995726311931,5220,12.22287368774414,0.14078355,0
33.2502411056704,86.49995726311931,5137,6.6247076988220215,0.20816883,0
34.25033551148066,86.49995726311931,5481,23.917675018310547,0.13779919,0
27.249674670808815,86.74977874363299,1746,23.7806339263916,0.67604417,0
27.500304635078166,86.74977874363299,1699,25.93724250793457,0.5494637,0
27.750126115591804,86.74977874363299,4530,55.99913024902344,0.0027117764,0
27.999947596105443,86.74977874363299,5543,31.94348907470703,0.019753838,0
28.24976907661908,86.74977874363299,6038,35.852745056152344,0.018900845,0
28.50039904088843,86.74977874363299,5090,10.682820320129395,0.05947624,0
28.750220521402067,86.74977874363299,4580,14.709370613098145,0.037046164,0
29.000042001915705,86.74977874363299,4939,9.008488655090332,0.08722405,0
29.249863482429344,86.74977874363299,4705,33.18515396118164,0.063359976,0
29.499684962942982,86.74977874363299,4777,7.1577839851379395,0.12399808,0
30.000136407725968,86.74977874363299,5523,19.462966918945312,0.08988446,0
30.499779368753245,86.74977874363299,4832,9.301709175109863,0.07914547,0
30.749600849266887,86.74977874363299,5636,30.383237838745117,0.10726162,0
31.00023081353623,86.74977874363299,5243,12.811848640441895,0.10437327,0
31.49987377456351,86.74977874363299,4884,7.954982757568359,0.055561595,0
32.49996818037377,86.74977874363299,5063,6.831939220428467,0.13950343,0
32.749789660887416,86.74977874363299,5009,6.11255407333374,0.32508123,0
33.2502411056704,86.74977874363299,5141,5.9323577880859375,0.20709573,0
33.500062586184036,86.74977874363299,5523,15.714856147766113,0.07219137,0
34.25033551148066,86.74977874363299,5342,24.18122100830078,0.07267947,0
26.999853190295177,86.9996002241466,1864,22.605424880981445,0.8223938,0
27.249674670808815,86.9996002241466,1588,37.01992416381836,0.32430264,0
27.500304635078166,86.9996002241466,2034,43.387939453125,0.65407085,0
27.750126115591804,86.9996002241466,5279,16.836162567138672,0.009787045,0
27.999947596105443,86.9996002241466,5335,9.680825233459473,0.008314587,0
28.24976907661908,86.9996002241466,4629,8.891387939453125,0.01526269,0
28.50039904088843,86.9996002241466,4814,14.102526664733887,0.10330109,0
28.750220521402067,86.9996002241466,4660,22.499835968017578,0.08877093,0
29.000042001915705,86.9996002241466,5221,17.726612091064453,0.09723264,0
29.249863482429344,86.9996002241466,5010,26.893373489379883,0.07206578,0
29.499684962942982,86.9996002241466,5006,22.100954055786133,0.06696695,0
30.000136407725968,86.9996002241466,5212,11.510213851928711,0.036177643,0
30.499779368753245,86.9996002241466,5547,14.79792308807373,0.16093402,0
30.749600849266887,86.9996002241466,4982,7.62736177444458,0.0984577,0
31.250052294049873,86.9996002241466,5162,16.409440994262695,0.066226766,0
31.49987377456351,86.9996002241466,4959,5.3402838706970215,0.16463327,0
31.74969525507715,86.9996002241466,4569,7.590269088745117,0.18886751,0
32.25014669986014,86.9996002241466,5243,7.743530750274658,0.16782463,0
32.49996818037377,86.9996002241466,5136,5.022247314453125,0.12831289,0
32.99961114140105,86.9996002241466,5106,6.018301010131836,0.14469504,0
33.2502411056704,86.9996002241466,5259,35.00363540649414,0.046640724,0
33.749884066697675,86.9996002241466,5017,10.559516906738281,0.1756311,0
26.999853190295177,87.25023018841597,950,26.812698364257812,0.0968205,0
27.249674670808815,87.25023018841597,1043,18.29180908203125,0.5357333,0
27.500304635078166,87.25023018841597,1840,19.20096206665039,0.6679312,0
27.750126115591804,87.25023018841597,3910,33.96770477294922,0.070501156,0
27.999947596105443,87.25023018841597,4686,24.968446731567383,0.005496047,0
28.24976907661908,87.25023018841597,5227,20.617570877075195,0.011438972,0
28.50039904088843,87.25023018841597,5331,21.828147888183594,0.05465802,0
28.750220521402067,87.25023018841597,4776,13.345844268798828,0.06837622,0
29.000042001915705,87.25023018841597,5423,20.301481246948242,0.13861434,0
29.249863482429344,87.25023018841597,4665,18.312524795532227,0.046032187,0
29.499684962942982,87.25023018841597,5716,32.49174118041992,0.18798079,0
29.75031492721233,87.25023018841597,5080,24.388484954833984,0.060920242,0
30.000136407725968,87.25023018841597,5567,10.096575736999512,0.11673869,0
30.249957888239607,87.25023018841597,5044,18.018037796020508,0.03999262,0
30.499779368753245,87.25023018841597,5336,5.568647861480713,0.051465698,0
30.749600849266887,87.25023018841597,5385,5.775976181030273,0.13450736,0
31.250052294049873,87.25023018841597,4841,6.818762302398682,0.07812525,0
31.49987377456351,87.25023018841597,4842,6.643410682678223,0.06899894,0
31.74969525507715,87.25023018841597,4639,14.124192237854004,0.047600202,0
32.49996818037377,87.25023018841597,5455,14.038496017456055,0.16264474,0
33.500062586184036,87.25023018841597,5389,21.686126708984375,0.087968096,0
34.749978472507934,87.25023018841597,5008,6.679180145263672,0.24087459,0
24.749842898161013,87.50005166892959,217,12.2756929397583,0.017859574,0
26.75003170978154,87.50005166892959,292,14.654098510742188,0.07064234,0
26.999853190295177,87.50005166892959,758,23.0660400390625,0.12140477,0
27.249674670808815,87.50005166892959,2426,19.33711814880371,0.20299971,0
27.500304635078166,87.50005166892959,3162,32.572635650634766,0.107629724,0
27.750126115591804,87.50005166892959,3084,41.457298278808594,0.11380181,0
27.999947596105443,87.50005166892959,4677,12.927727699279785,0.01971663,0
28.24976907661908,87.50005166892959,5326,34.88228988647461,0.054477405,0
28.750220521402067,87.50005166892959,5554,9.822044372558594,0.06578297,0
29.000042001915705,87.50005166892959,5133,10.093146324157715,0.027748734,0
29.249863482429344,87.50005166892959,5010,15.382442474365234,0.09521998,0
29.499684962942982,87.50005166892959,5505,14.272038459777832,0.059270233,0
29.75031492721233,87.50005166892959,5678,20.559656143188477,0.07656208,0
30.000136407725968,87.50005166892959,5187,21.580020904541016,0.14939114,0
30.249957888239607,87.50005166892959,5171,25.676097869873047,0.03550007,0
31.00023081353623,87.50005166892959,4827,14.246566772460938,0.054255,0
31.74969525507715,87.50005166892959,4748,10.238823890686035,0.08654457,0
32.25014669986014,87.50005166892959,6002,20.677215576171875,0.07208794,0
33.2502411056704,87.50005166892959,5046,6.10662841796875,0.20658347,0
33.500062586184036,87.50005166892959,4964,5.3618669509887695,0.08857024,0
34.5001569919943,87.50005166892959,5205,6.955077648162842,0.13950343,0
34.749978472507934,87.50005166892959,5251,17.227689743041992,0.05242712,0
34.99979995302158,87.50005166892959,4933,9.148225784301758,0.059665665,0
26.75003170978154,87.74987314944326,261,9.029150009155273,0.5350636,0
26.999853190295177,87.74987314944326,1409,18.868980407714844,0.7108293,0
27.249674670808815,87.74987314944326,1218,22.190582275390625,0.37872267,0
27.500304635078166,87.74987314944326,1563,30.161733627319336,0.49568194,0
27.750126115591804,87.74987314944326,4601,34.58818435668945,0.013632936,0
27.999947596105443,87.74987314944326,4889,8.296792030334473,0.009783825,0
28.24976907661908,87.74987314944326,4409,16.530736923217773,0.19296755,0
28.50039904088843,87.74987314944326,4473,31.661577224731445,0.011786237,0
28.750220521402067,87.74987314944326,4811,7.7129411697387695,0.13685377,0
29.000042001915705,87.74987314944326,4643,23.456132888793945,0.080700085,0
29.249863482429344,87.74987314944326,3984,10.549822807312012,0.20788547,0
29.499684962942982,87.74987314944326,5160,33.968021392822266,0.08689902,0
29.75031492721233,87.74987314944326,4523,35.00691223144531,0.07573521,0
30.000136407725968,87.74987314944326,5393,25.350379943847656,0.14333944,0
30.249957888239607,87.74987314944326,4958,30.901538848876953,0.06457406,0
31.00023081353623,87.74987314944326,5146,20.103546142578125,0.07203296,0
31.250052294049873,87.74987314944326,5036,24.46248435974121,0.051965874,0
31.74969525507715,87.74987314944326,5096,11.817488670349121,0.07569418,0
32.25014669986014,87.74987314944326,4857,14.361438751220703,0.047459338,0
33.500062586184036,87.74987314944326,5461,27.212890625,0.11459359,0
33.749884066697675,87.74987314944326,5392,25.603046417236328,0.08223008,0
33.99970554721131,87.74987314944326,5156,5.340259552001953,0.08756491,0
34.749978472507934,87.74987314944326,5143,6.88142728805542,0.11362206,0
26.999853190295177,87.99969462995688,1925,23.93514633178711,0.7160439,0
27.249674670808815,87.99969462995688,2673,35.58643341064453,0.055636257,0
27.500304635078166,87.99969462995688,3318,48.73690414428711,0.12077647,0
27.750126115591804,87.99969462995688,4691,30.752893447875977,0.01325469,0
27.999947596105443,87.99969462995688,5734,11.656176567077637,0.015469658,0
28.24976907661908,87.99969462995688,4691,15.008952140808105,0.008319971,0
28.750220521402067,87.99969462995688,5118,5.646259307861328,0.124733366,0
29.000042001915705,87.99969462995688,5088,30.50188446044922,0.107046574,0
29.249863482429344,87.99969462995688,4917,11.126195907592773,0.03819557,0
29.499684962942982,87.99969462995688,5490,28.5593318939209,0.1043136,0
29.75031492721233,87.99969462995688,5179,5.547544956207275,0.2531615,0
30.000136407725968,87.99969462995688,5201,24.38275909423828,0.08722415,0
30.249957888239607,87.99969462995688,5016,22.038236618041992,0.14878269,0
30.499779368753245,87.99969462995688,5237,7.463888645172119,0.0897969,0
31.250052294049873,87.99969462995688,5019,8.421125411987305,0.043112483,0
31.49987377456351,87.99969462995688,5226,26.112159729003906,0.12755115,0
32.25014669986014,87.99969462995688,5105,18.703214645385742,0.10261734,0
32.49996818037377,87.99969462995688,5168,16.867652893066406,0.074717216,0
32.749789660887416,87.99969462995688,5047,8.415349006652832,0.057581283,0
32.99961114140105,87.99969462995688,5070,9.195145606994629,0.19920306,0
33.749884066697675,87.99969462995688,5346,5.857304096221924,0.21480386,0
34.25033551148066,87.99969462995688,5143,15.335468292236328,0.1198396,0
34.99979995302158,87.99969462995688,5115,20.82744598388672,0.28013268,0
26.999853190295177,88.25032459422624,1926,20.289899826049805,0.82120246,1
27.249674670808815,88.25032459422624,938,31.816436767578125,0.34976825,1
27.500304635078166,88.25032459422624,4964,32.002742767333984,0.0028798387,1
27.999947596105443,88.25032459422624,5955,29.451730728149414,0.04629424,1
28.750220521402067,88.25032459422624,5419,13.312703132629395,0.06567463,1
29.000042001915705,88.25032459422624,4741,12.128198623657227,0.022996414,1
29.249863482429344,88.25032459422624,4341,23.49944305419922,0.05647696,1
29.499684962942982,88.25032459422624,4550,13.1694974899292,0.02083825,1
29.75031492721233,88.25032459422624,5656,23.841344833374023,0.10945549,0
30.000136407725968,88.25032459422624,5489,15.0611572265625,0.098203324,0
30.249957888239607,88.25032459422624,5527,16.86054801940918,0.09912927,0
30.499779368753245,88.25032459422624,5196,10.763545036315918,0.090519756,0
31.250052294049873,88.25032459422624,4943,18.714859008789062,0.03561858,0
31.49987377456351,88.25032459422624,5396,13.26732349395752,0.08403444,0
32.25014669986014,88.25032459422624,5083,15.181686401367188,0.12710613,0
32.49996818037377,88.25032459422624,5305,10.97411060333252,0.062021784,0
32.749789660887416,88.25032459422624,5257,15.359074592590332,0.04580471,0
32.99961114140105,88.25032459422624,5268,16.57745361328125,0.1265068,0
33.749884066697675,88.25032459422624,5079,6.107779502868652,0.35768864,0
33.99970554721131,88.25032459422624,5278,12.66230297088623,0.06540634,0
34.5001569919943,88.25032459422624,5010,13.055458068847656,0.18603554,0
26.999853190295177,88.50014607473986,694,35.07576370239258,0.66241056,1
27.249674670808815,88.50014607473986,1167,23.130430221557617,0.40483615,1
27.500304635078166,88.50014607473986,1736,26.959177017211914,0.67132777,1
27.750126115591804,88.50014607473986,4950,36.208412170410156,0.0036371115,1
27.999947596105443,88.50014607473986,5298,24.064556121826172,0.057077557,1
28.50039904088843,88.50014607473986,4880,11.028514862060547,0.069342874,1
29.249863482429344,88.50014607473986,4397,26.296810150146484,0.04175745,1
29.499684962942982,88.50014607473986,4349,28.781848907470703,0.04515666,1
29.75031492721233,88.50014607473986,4645,23.627805709838867,0.04815163,0
30.000136407725968,88.50014607473986,5121,30.346874237060547,0.07747613,0
30.249957888239607,88.50014607473986,5035,9.616276741027832,0.08938862,0
30.499779368753245,88.50014607473986,5596,26.542469024658203,0.07844136,0
30.749600849266887,88.50014607473986,5326,30.962392807006836,0.07521437,0
31.250052294049873,88.50014607473986,5158,13.035443305969238,0.065989815,0
31.74969525507715,88.50014607473986,4735,11.005851745605469,0.08542797,0
32.25014669986014,88.50014607473986,4881,10.152384757995605,0.042369638,0
32.99961114140105,88.50014607473986,5193,9.416864395141602,0.110042185,0
33.2502411056704,88.50014607473986,5122,27.202104568481445,0.051290143,0
33.99970554721131,88.50014607473986,5233,7.033702850341797,0.17670408,0
34.5001569919943,88.50014607473986,4874,11.556584358215332,0.09132691,0
34.749978472507934,88.50014607473986,5075,5.251992225646973,0.09574621,0
34.99979995302158,88.50014607473986,5098,6.680466175079346,0.24576828,0
26.999853190295177,88.74996755525348,828,33.19611740112305,0.5376356,1
27.249674670808815,88.74996755525348,2099,37.341712951660156,0.5692458,1
27.500304635078166,88.74996755525348,3982,34.92912292480469,0.09530238,1
27.750126115591804,88.74996755525348,3871,28.614036560058594,0.09819798,1
27.999947596105443,88.74996755525348,5099,6.922303199768066,0.15811379,1
28.50039904088843,88.74996755525348,5347,10.133415222167969,0.08164988,1
28.750220521402067,88.74996755525348,4846,5.646259307861328,0.07504241,1
29.000042001915705,88.74996755525348,4503,14.106810569763184,0.04001064,1
29.249863482429344,88.74996755525348,4383,29.857227325439453,0.023477416,1
29.499684962942982,88.74996755525348,5488,28.558622360229492,0.10251864,1
29.75031492721233,88.74996755525348,4752,34.019596099853516,0.0684476,0
30.000136407725968,88.74996755525348,4848,27.345455169677734,0.041889798,0
30.249957888239607,88.74996755525348,5300,6.551909446716309,0.16145402,0
30.499779368753245,88.74996755525348,5132,8.791462898254395,0.049144913,0
30.749600849266887,88.74996755525348,4824,11.355557441711426,0.050043844,0
31.00023081353623,88.74996755525348,5130,20.822982788085938,0.10495194,0
32.25014669986014,88.74996755525348,4709,5.0142035484313965,0.2604026,0
32.49996818037377,88.74996755525348,4999,18.805313110351562,0.15444875,0
33.2502411056704,88.74996755525348,5323,5.788510322570801,0.12867607,0
33.500062586184036,88.74996755525348,5044,5.3618669509887695,0.07384951,0
33.99970554721131,88.74996755525348,5249,6.146907806396484,0.19389728,0
34.25033551148066,88.74996755525348,5224,10.250665664672852,0.08439393,0
34.5001569919943,88.74996755525348,4946,5.55821418762207,0.12091772,0
34.749978472507934,88.74996755525348,4964,5.087391376495361,0.11589282,0
35.24962143353522,88.74996755525348,5053,10.080794334411621,0.034072842,0
26.999853190295177,88.99978903576715,1115,27.92327880859375,0.6405917,1
27.249674670808815,88.99978903576715,2862,46.31841278076172,0.026624305,1
27.500304635078166,88.99978903576715,4302,13.247955322265625,0.04310578,1
27.750126115591804,88.99978903576715,4844,35.78794479370117,0.0053875973,1
27.999947596105443,88.99978903576715,4993,12.271263122558594,0.013831429,1
28.50039904088843,88.99978903576715,4786,6.889057636260986,0.38070038,1
28.750220521402067,88.99978903576715,5292,24.852331161499023,0.032290693,1
29.000042001915705,88.99978903576715,4726,32.181514739990234,0.14683498,1
29.249863482429344,88.99978903576715,4232,24.038436889648438,0.2011451,1
29.499684962942982,88.99978903576715,5286,23.776304244995117,0.16796005,1
29.75031492721233,88.99978903576715,5593,15.431716918945312,0.13821529,0
30.000136407725968,88.99978903576715,4544,29.885297775268555,0.09568653,0
30.249957888239607,88.99978903576715,5528,33.57050704956055,0.09832777,0
31.250052294049873,88.99978903576715,5092,9.96555233001709,0.0878286,0
32.49996818037377,88.99978903576715,5187,5.8975043296813965,0.09578439,0
32.99961114140105,88.99978903576715,5011,17.5158634185791,0.05830856,0
33.2502411056704,88.99978903576715,5029,7.664891242980957,0.09110314,0
33.749884066697675,88.99978903576715,5742,14.660175323486328,0.081452325,0
33.99970554721131,88.99978903576715,5577,10.331426620483398,0.09878677,0
34.25033551148066,88.99978903576715,5105,9.221773147583008,0.059034195,0
34.99979995302158,88.99978903576715,5127,7.913851737976074,0.09960251,0
26.999853190295177,89.24961051628077,1123,38.051326751708984,0.50616497,1
27.249674670808815,89.24961051628077,4070,21.846637725830078,0.054836936,1
27.500304635078166,89.24961051628077,4118,27.28110122680664,0.08106174,1
27.750126115591804,89.24961051628077,4752,25.351299285888672,0.010646898,1
28.50039904088843,89.24961051628077,4942,14.030719757080078,0.11161787,1
28.750220521402067,89.24961051628077,5178,14.739683151245117,0.049810287,1
29.000042001915705,89.24961051628077,4093,5.326366901397705,0.30509302,1
29.249863482429344,89.24961051628077,4083,5.779228210449219,0.20521386,1
29.499684962942982,89.24961051628077,5369,25.935697555541992,0.09792008,1
30.000136407725968,89.24961051628077,5416,35.86361312866211,0.071433246,0
30.249957888239607,89.24961051628077,5160,27.57586669921875,0.046627853,0
30.749600849266887,89.24961051628077,5288,18.427427291870117,0.06426998,0
31.250052294049873,89.24961051628077,4795,21.872961044311523,0.050261095,0
31.49987377456351,89.24961051628077,4808,17.970312118530273,0.031143678,0
32.749789660887416,89.24961051628077,5061,7.428269863128662,0.111450925,0
32.99961114140105,89.24961051628077,5094,8.501036643981934,0.057830963,0
33.500062586184036,89.24961051628077,5157,6.759857654571533,0.062919006,0
34.25033551148066,89.24961051628077,5137,9.211665153503418,0.073468424,0
26.999853190295177,89.50024048055013,2260,21.946624755859375,0.5224177,1
27.249674670808815,89.50024048055013,2702,26.086029052734375,0.19489239,1
27.500304635078166,89.50024048055013,3717,13.853423118591309,0.4572909,1
27.750126115591804,89.50024048055013,4423,43.29818344116211,0.005694376,1
27.999947596105443,89.50024048055013,4668,31.78302574157715,0.0070020976,1
28.24976907661908,89.50024048055013,5064,9.704157829284668,0.08087787,1
28.50039904088843,89.50024048055013,5209,22.115232467651367,0.035012692,1
28.750220521402067,89.50024048055013,5305,31.758277893066406,0.09433048,1
29.249863482429344,89.50024048055013,5073,16.859142303466797,0.073951825,1
29.499684962942982,89.50024048055013,5163,23.273849487304688,0.11507259,1
29.75031492721233,89.50024048055013,5201,20.589323043823242,0.054041836,0
30.000136407725968,89.50024048055013,5014,23.486839294433594,0.054243237,0
30.249957888239607,89.50024048055013,5496,28.919536590576172,0.15274446,0
30.749600849266887,89.50024048055013,5349,13.200603485107422,0.026721556,0
31.00023081353623,89.50024048055013,4805,16.404748916625977,0.0394516,0
31.250052294049873,89.50024048055013,5103,15.29379653930664,0.10442201,0
31.49987377456351,89.50024048055013,4927,6.33933162689209,0.09004534,0
32.49996818037377,89.50024048055013,4969,5.481782913208008,0.10933971,0
32.99961114140105,89.50024048055013,5295,5.782540321350098,0.05453255,0
33.99970554721131,89.50024048055013,5537,17.55033302307129,0.11076491,0
34.5001569919943,89.50024048055013,5221,19.609272003173828,0.09676156,0
34.749978472507934,89.50024048055013,5103,18.891931533813477,0.1544609,0
26.75003170978154,89.75006196106375,389,25.758914947509766,0.11165547,1
26.999853190295177,89.75006196106375,2043,32.933441162109375,0.65486383,1
27.249674670808815,89.75006196106375,3749,27.42682456970215,0.07601022,1
27.500304635078166,89.75006196106375,2764,17.531736373901367,0.15567668,1
27.750126115591804,89.75006196106375,2210,26.255399703979492,0.47959602,1
27.999947596105443,89.75006196106375,4083,31.599977493286133,0.18234302,1
28.24976907661908,89.75006196106375,5068,17.489879608154297,0.06132656,1
28.50039904088843,89.75006196106375,5244,30.831073760986328,0.09354469,1
28.750220521402067,89.75006196106375,4985,28.613637924194336,0.08785865,1
29.000042001915705,89.75006196106375,4601,11.572466850280762,0.0930614,1
29.249863482429344,89.75006196106375,4399,24.34993553161621,0.15543814,1
29.499684962942982,89.75006196106375,5475,8.029132843017578,0.05344961,1
29.75031492721233,89.75006196106375,4888,9.374503135681152,0.030644963,0
30.000136407725968,89.75006196106375,5099,24.72711944580078,0.043028288,0
30.249957888239607,89.75006196106375,5529,10.081000328063965,0.038936794,0
30.499779368753245,89.75006196106375,5108,6.100874900817871,0.35717744,0
30.749600849266887,89.75006196106375,5109,8.166717529296875,0.032631774,0
31.250052294049873,89.75006196106375,5237,7.450104236602783,0.11613395,0
33.500062586184036,89.75006196106375,5067,19.62592887878418,0.19788796,0
33.99970554721131,89.75006196106375,5377,6.488607406616211,0.23508786,0
34.5001569919943,89.75006196106375,5461,18.196271896362305,0.071068145,0
34.749978472507934,89.75006196106375,5226,10.674467086791992,0.0775375,0
35.24962143353522,89.75006196106375,4817,8.30717945098877,0.055992827,0
25.50011582345764,89.99988344157742,85,11.583661079406738,0.36162946,1
26.75003170978154,89.99988344157742,353,15.432904243469238,0.037233368,1
26.999853190295177,89.99988344157742,2066,25.06951141357422,0.61688226,1
27.249674670808815,89.99988344157742,1227,21.23147201538086,0.49986073,1
27.500304635078166,89.99988344157742,1600,30.76276206970215,0.7778096,1
27.750126115591804,89.99988344157742,2439,38.92206573486328,0.5198314,1
27.999947596105443,89.99988344157742,4006,26.513872146606445,0.19062169,1
28.50039904088843,89.99988344157742,5031,28.808494567871094,0.08049377,1
28.750220521402067,89.99988344157742,5064,16.037919998168945,0.23306522,1
29.000042001915705,89.99988344157742,5476,28.830015182495117,0.06851693,1
29.249863482429344,89.99988344157742,5310,28.20789909362793,0.17340511,1
29.499684962942982,89.99988344157742,4715,18.510883331298828,0.0942631,1
29.75031492721233,89.99988344157742,4625,12.961824417114258,0.044821266,0
30.000136407725968,89.99988344157742,5597,14.500361442565918,0.037689723,0
30.249957888239607,89.99988344157742,5149,8.035809516906738,0.07578218,0
31.00023081353623,89.99988344157742,4761,6.814764022827148,0.059796657,0
31.74969525507715,89.99988344157742,4680,5.977139472961426,0.05008486,0
32.99961114140105,89.99988344157742,5080,14.016044616699219,0.06854413,0
33.500062586184036,89.99988344157742,5003,5.328158378601074,0.085167654,0
34.5001569919943,89.99988344157742,5322,6.115505218505859,0.09826321,0
35.24962143353522,89.99988344157742,4793,6.681771278381348,0.20932536,0
25.250294342943995,90.24970492209104,75,11.638559341430664,0.23843037,1
25.50011582345764,90.24970492209104,1204,8.077461242675781,0.023159642,1
26.999853190295177,90.24970492209104,1946,22.77352523803711,0.47834286,1
27.249674670808815,90.24970492209104,2214,46.793251037597656,0.22760929,1
27.500304635078166,90.24970492209104,3364,24.732566833496094,0.105371684,1
27.750126115591804,90.24970492209104,3859,34.21125030517578,0.25572455,1
27.999947596105443,90.24970492209104,5541,10.047493934631348,0.01895375,1
28.24976907661908,90.24970492209104,5652,23.095417022705078,0.16031599,1
28.50039904088843,90.24970492209104,5479,13.99224853515625,0.052444287,1
28.750220521402067,90.24970492209104,5264,22.29001235961914,0.07761699,1
29.000042001915705,90.24970492209104,5848,11.576371192932129,0.028849838,1
29.249863482429344,90.24970492209104,4427,13.09230899810791,0.17600495,1
29.499684962942982,90.24970492209104,4002,9.210046768188477,0.4769501,1
29.75031492721233,90.24970492209104,5523,34.45979309082031,0.033955015,0
30.000136407725968,90.24970492209104,4899,12.206428527832031,0.091797896,0
30.249957888239607,90.24970492209104,5744,30.95174789428711,0.12140737,0
30.749600849266887,90.24970492209104,4854,17.403091430664062,0.043004096,0
31.250052294049873,90.24970492209104,5185,16.502941131591797,0.07056599,0
32.749789660887416,90.24970492209104,5200,7.760650634765625,0.10400759,0
32.99961114140105,90.24970492209104,5276,14.674280166625977,0.10114109,0
33.500062586184036,90.24970492209104,5206,5.944250106811523,0.09157633,0
33.749884066697675,90.24970492209104,5261,11.462173461914062,0.043212067,0
33.99970554721131,90.24970492209104,5405,8.894485473632812,0.042969383,0
34.25033551148066,90.24970492209104,5462,19.04413604736328,0.08562563,0
35.24962143353522,90.24970492209104,4784,5.734698295593262,0.11515557,0
25.250294342943995,90.5003348863604,167,21.465965270996094,0.28087533,1
25.50011582345764,90.5003348863604,516,21.004154205322266,0.35409623,1
25.74993730397128,90.5003348863604,199,8.697680473327637,0.20299941,1
25.999758784484918,90.5003348863604,143,18.568376541137695,0.5208516,1
26.999853190295177,90.5003348863604,708,34.24421310424805,0.7391713,1
27.249674670808815,90.5003348863604,2341,33.578121185302734,0.06957089,1
27.500304635078166,90.5003348863604,1839,24.035886764526367,0.43416083,1
27.750126115591804,90.5003348863604,3090,53.13896179199219,0.26468068,1
27.999947596105443,90.5003348863604,5358,16.028987884521484,0.025474533,1
28.24976907661908,90.5003348863604,5621,10.030829429626465,0.058290977,1
28.750220521402067,90.5003348863604,4480,7.123693466186523,0.09272795,1
29.249863482429344,90.5003348863604,3635,19.05936050415039,0.47734657,1
29.499684962942982,90.5003348863604,5668,38.14350891113281,0.11010627,1
29.75031492721233,90.5003348863604,5298,11.599315643310547,0.04703165,0
30.000136407725968,90.5003348863604,4675,23.15892791748047,0.03104023,0
30.249957888239607,90.5003348863604,5294,25.176607131958008,0.034886047,0
30.499779368753245,90.5003348863604,5201,8.718596458435059,0.094091296,0
31.49987377456351,90.5003348863604,5033,15.416959762573242,0.105134785,0
32.00032521934649,90.5003348863604,4680,5.574096202850342,0.052623015,0
32.49996818037377,90.5003348863604,4889,9.351600646972656,0.020803573,0
32.99961114140105,90.5003348863604,5027,14.642979621887207,0.064813815,0
33.2502411056704,90.5003348863604,5070,5.480344772338867,0.081363834,0
33.749884066697675,90.5003348863604,5125,5.720190525054932,0.08061699,0
33.99970554721131,90.5003348863604,5460,11.361958503723145,0.05105829,0
34.25033551148066,90.5003348863604,5358,7.7050862312316895,0.17704158,0
25.250294342943995,90.75015636687402,147,12.203495025634766,0.3978438,1
25.50011582345764,90.75015636687402,359,13.871277809143066,0.2364332,1
25.74993730397128,90.75015636687402,257,13.239668846130371,0.15120518,1
25.999758784484918,90.75015636687402,80,8.535074234008789,0.45781234,1
26.999853190295177,90.75015636687402,2020,53.3199462890625,0.7687073,1
27.249674670808815,90.75015636687402,2299,23.394224166870117,0.28578103,1
27.500304635078166,90.75015636687402,2725,24.111797332763672,0.27525505,1
27.750126115591804,90.75015636687402,4165,40.68086624145508,0.059871476,1
27.999947596105443,90.75015636687402,5093,18.597206115722656,0.01218823,1
28.24976907661908,90.75015636687402,4734,11.564470291137695,0.019041274,1
28.50039904088843,90.75015636687402,5127,24.80584144592285,0.07751343,1
29.249863482429344,90.75015636687402,4220,23.162212371826172,0.51124805,1
29.499684962942982,90.75015636687402,5170,29.16021156311035,0.12233776,1
29.75031492721233,90.75015636687402,4254,33.28491973876953,0.09065772,0
30.000136407725968,90.75015636687402,4253,28.331777572631836,0.16135255,0
30.499779368753245,90.75015636687402,5604,21.997146606445312,0.054290086,0
31.49987377456351,90.75015636687402,4987,21.294727325439453,0.014700815,0
32.00032521934649,90.75015636687402,4786,11.954017639160156,0.008381314,0
32.25014669986014,90.75015636687402,4909,16.57918357849121,0.012155675,0
32.99961114140105,90.75015636687402,5089,6.018301010131836,0.11306772,0
33.500062586184036,90.75015636687402,5394,16.751869201660156,0.10265551,0
33.749884066697675,90.75015636687402,5282,13.986597061157227,0.099469535,0
33.99970554721131,90.75015636687402,5493,27.0177059173584,0.1986256,0
34.5001569919943,90.75015636687402,4894,7.404902935028076,0.09728149,0
34.99979995302158,90.75015636687402,4878,5.729219913482666,0.05328889,0
35.24962143353522,90.75015636687402,4984,10.789300918579102,0.10731051,0
25.250294342943995,90.99997784738764,372,9.239270210266113,0.03245231,1
25.50011582345764,90.99997784738764,693,11.450114250183105,0.026911367,1
25.74993730397128,90.99997784738764,594,6.726229667663574,0.1274046,1
26.999853190295177,90.99997784738764,1952,43.31207275390625,0.62706864,1
27.249674670808815,90.99997784738764,2645,30.25118064880371,0.1310314,1
27.500304635078166,90.99997784738764,4002,21.657609939575195,0.24051172,1
27.750126115591804,90.99997784738764,2487,26.39689064025879,0.734159,1
27.999947596105443,90.99997784738764,4172,24.158658981323242,0.14824434,1
28.24976907661908,90.99997784738764,4199,12.410179138183594,0.54670733,1
28.50039904088843,90.99997784738764,5454,38.29402542114258,0.02242497,1
29.000042001915705,90.99997784738764,4537,22.155929565429688,0.08972775,1
29.249863482429344,90.99997784738764,4267,28.899677276611328,0.19978994,1
29.499684962942982,90.99997784738764,4136,28.41841697692871,0.11003604,1
29.75031492721233,90.99997784738764,4673,30.859487533569336,0.07004088,0
30.000136407725968,90.99997784738764,4497,21.861936569213867,0.014196464,0
30.249957888239607,90.99997784738764,5277,27.071908950805664,0.08330551,0
30.499779368753245,90.99997784738764,4936,27.12828254699707,0.053813327,0
31.00023081353623,90.99997784738764,4769,5.337690353393555,0.026846286,0
31.250052294049873,90.99997784738764,5003,8.43687915802002,0.009118156,0
31.74969525507715,90.99997784738764,4875,16.118511199951172,0.04832632,0
32.749789660887416,90.99997784738764,5078,10.198668479919434,0.01698488,0
32.99961114140105,90.99997784738764,5223,12.651320457458496,0.10737407,0
33.500062586184036,90.99997784738764,5246,6.706841468811035,0.29871142,0
34.749978472507934,90.99997784738764,5329,11.650193214416504,0.026407951,0
34.99979995302158,90.99997784738764,5090,8.55836296081543,0.07568838,0
35.24962143353522,90.99997784738764,4882,12.261272430419922,0.08487015,0
25.50011582345764,91.24979932790131,1285,11.57717227935791,0.021629091,1
26.999853190295177,91.24979932790131,1597,12.80750846862793,0.38738075,1
27.249674670808815,91.24979932790131,2081,39.464935302734375,0.14232117,1
27.500304635078166,91.24979932790131,2816,23.965770721435547,0.06359203,1
27.750126115591804,91.24979932790131,3087,36.37803268432617,0.30558747,1
27.999947596105443,91.24979932790131,4876,32.524532318115234,0.025618685,1
28.24976907661908,91.24979932790131,5057,22.775802612304688,0.07623807,1
28.50039904088843,91.24979932790131,5396,26.490224838256836,0.07424879,1
28.750220521402067,91.24979932790131,4889,23.15791130065918,0.06079787,1
29.000042001915705,91.24979932790131,4734,33.613182067871094,0.04665491,1
29.249863482429344,91.24979932790131,4101,21.947521209716797,0.1859801,1
29.499684962942982,91.24979932790131,5104,30.285194396972656,0.05571152,1
29.75031492721233,91.24979932790131,4620,20.88964080810547,0.09011746,0
30.000136407725968,91.24979932790131,4019,23.741506576538086,0.14600225,0
30.249957888239607,91.24979932790131,4605,30.82839584350586,0.071270235,0
30.499779368753245,91.24979932790131,4624,17.18742561340332,0.005043691,0
30.749600849266887,91.24979932790131,4935,7.62736177444458,0.031977393,0
31.00023081353623,91.24979932790131,4928,12.451379776000977,0.006036992,0
31.250052294049873,91.24979932790131,4802,16.362445831298828,0.015656665,0
32.25014669986014,91.24979932790131,4769,5.203401565551758,0.024393138,0
32.49996818037377,91.24979932790131,4975,6.628025054931641,0.0316252,0
33.2502411056704,91.24979932790131,5737,14.6078462600708,0.03795834,0
33.749884066697675,91.24979932790131,5094,9.265952110290527,0.054761052,0
34.25033551148066,91.24979932790131,4823,5.8017144203186035,0.044905838,0
34.749978472507934,91.24979932790131,5330,10.335617065429688,0.09878677,0
34.99979995302158,91.24979932790131,5135,11.906587600708008,0.06289464,0
23.25010553132347,91.49962080841493,23,6.4579877853393555,0.54394525,1
25.250294342943995,91.49962080841493,1021,7.873405933380127,0.029963683,1
25.50011582345764,91.49962080841493,1620,29.645055770874023,0.14206676,1
26.999853190295177,91.49962080841493,1514,28.180084228515625,0.8849061,1
27.249674670808815,91.49962080841493,2047,41.19295120239258,0.6314788,1
27.500304635078166,91.49962080841493,2080,28.212770462036133,0.7194693,1
27.750126115591804,91.49962080841493,4160,13.631312370300293,0.0804278,1
28.24976907661908,91.49962080841493,5510,27.26755714416504,0.040823884,1
28.50039904088843,91.49962080841493,5300,8.231440544128418,0.08267924,1
28.750220521402067,91.49962080841493,5017,12.779420852661133,0.08788208,1
29.000042001915705,91.49962080841493,4718,25.40150260925293,0.05736404,1
29.499684962942982,91.49962080841493,4626,34.45036697387695,0.12736076,1
29.75031492721233,91.49962080841493,4074,30.030546188354492,0.05229067,0
30.000136407725968,91.49962080841493,4598,27.157320022583008,0.020287173,0
30.249957888239607,91.49962080841493,4678,35.112831115722656,0.020026276,0
30.499779368753245,91.49962080841493,4850,18.690746307373047,0.018689662,0
30.749600849266887,91.49962080841493,4974,10.663444519042969,0.01713026,0
31.00023081353623,91.49962080841493,4979,5.131654739379883,0.035541553,0
32.25014669986014,91.49962080841493,4927,11.445590019226074,0.006379522,0
32.99961114140105,91.49962080841493,5148,5.966718673706055,0.0353629,0
33.2502411056704,91.49962080841493,5246,10.017096519470215,0.016522791,0
33.500062586184036,91.49962080841493,5202,5.3618669509887695,0.040527277,0
33.99970554721131,91.49962080841493,4875,9.70870304107666,0.033392217,0
34.5001569919943,91.49962080841493,4890,6.488891124725342,0.13455486,0
35.24962143353522,91.49962080841493,4961,14.561429023742676,0.20313603,0
22.49983260602685,91.7502507726843,72,8.963191032409668,0.45877594,1
23.25010553132347,91.7502507726843,112,8.626745223999023,0.28478575,1
23.49992701183711,91.7502507726843,67,12.442794799804688,0.0781529,1
23.749748492350747,91.7502507726843,120,15.177132606506348,0.2860921,1
24.000378456620098,91.7502507726843,258,11.658417701721191,0.1442688,1
24.250199937133736,91.7502507726843,41,6.677448272705078,0.24858609,1
25.250294342943995,91.7502507726843,1208,6.103881359100342,0.10461412,1
25.50011582345764,91.7502507726843,1733,23.155929565429688,0.32981032,1
25.74993730397128,91.7502507726843,726,12.220850944519043,0.028248651,1
25.999758784484918,91.7502507726843,462,20.163164138793945,0.479235,1
26.25038874875426,91.7502507726843,208,14.576675415039062,0.089244604,1
26.999853190295177,91.7502507726843,2091,39.7713508605957,0.4124217,1
27.249674670808815,91.7502507726843,3361,20.44363021850586,0.5328406,1
27.500304635078166,91.7502507726843,2062,28.394914627075195,0.49817705,1
27.750126115591804,91.7502507726843,4015,24.50018882751465,0.122071795,1
27.999947596105443,91.7502507726843,5031,14.402563095092773,0.015201772,1
28.24976907661908,91.7502507726843,4451,16.93579864501953,0.023690574,1
28.50039904088843,91.7502507726843,4667,8.370078086853027,0.046183996,1
28.750220521402067,91.7502507726843,4937,15.84855842590332,0.052894536,1
29.000042001915705,91.7502507726843,4294,24.51930809020996,0.52607864,1
29.499684962942982,91.7502507726843,5047,21.347980499267578,0.10939677,1
29.75031492721233,91.7502507726843,4719,22.511720657348633,0.02762167,0
30.000136407725968,91.7502507726843,4463,32.5962028503418,0.008775052,0
30.249957888239607,91.7502507726843,5130,32.428104400634766,0.026508657,0
30.499779368753245,91.7502507726843,4757,31.69196319580078,0.0057914653,0
31.00023081353623,91.7502507726843,5449,19.13178825378418,0.00778114,0
31.74969525507715,91.7502507726843,4829,14.753342628479004,0.012254924,0
32.25014669986014,91.7502507726843,4678,8.168072700500488,0.012435245,0
32.49996818037377,91.7502507726843,5021,6.18226432800293,0.061835807,0
32.99961114140105,91.7502507726843,5190,9.156002044677734,0.026731256,0
33.2502411056704,91.7502507726843,5272,12.516465187072754,0.0052033295,0
33.500062586184036,91.7502507726843,5167,24.60430335998535,0.009775702,0
33.749884066697675,91.7502507726843,4910,7.1451921463012695,0.057958998,0
33.99970554721131,91.7502507726843,4954,7.247767925262451,0.10876074,0
34.749978472507934,91.7502507726843,4879,5.659797191619873,0.058950547,0
35.24962143353522,91.7502507726843,4856,18.363046646118164,0.0736552,0
22.000189644999573,92.00007225319791,34,5.010313034057617,0.86333525,1
22.749654086540488,92.00007225319791,253,26.287342071533203,0.3632896,1
23.00028405080983,92.00007225319791,57,6.298248767852783,0.31442928,1
23.25010553132347,92.00007225319791,221,5.086764812469482,0.09918982,1
23.49992701183711,92.00007225319791,92,11.318230628967285,0.052128732,1
23.749748492350747,92.00007225319791,165,15.556878089904785,0.23788273,1
24.000378456620098,92.00007225319791,75,8.282814979553223,0.11716836,1
25.50011582345764,92.00007225319791,1584,6.311731815338135,0.8278011,1
25.74993730397128,92.00007225319791,896,15.470640182495117,0.036914084,1
25.999758784484918,92.00007225319791,328,13.358619689941406,0.32855034,1
26.25038874875426,92.00007225319791,364,15.523384094238281,0.22079909,1
26.999853190295177,92.00007225319791,1067,16.443363189697266,0.67868686,1
27.249674670808815,92.00007225319791,3504,39.43803024291992,0.27141523,1
27.500304635078166,92.00007225319791,4011,43.24909973144531,0.03772932,1
27.750126115591804,92.00007225319791,4274,25.009212493896484,0.12199028,1
27.999947596105443,92.00007225319791,4921,19.38328742980957,0.008889658,1
28.24976907661908,92.00007225319791,5401,27.77971839904785,0.021454187,1
28.50039904088843,92.00007225319791,4552,5.907769680023193,0.080968745,1
28.750220521402067,92.00007225319791,5089,22.447261810302734,0.15015869,1
29.000042001915705,92.00007225319791,5472,30.72349739074707,0.05943656,1
29.249863482429344,92.00007225319791,3584,17.735048294067383,0.5350329,1
29.75031492721233,92.00007225319791,4320,10.5536470413208,0.10651836,0
30.249957888239607,92.00007225319791,4922,19.818374633789062,0.074981004,0
30.499779368753245,92.00007225319791,5317,15.937700271606445,0.008721067,0
31.00023081353623,92.00007225319791,5057,11.44115161895752,0.010234401,0
31.250052294049873,92.00007225319791,4796,12.2138671875,0.006333173,0
31.49987377456351,92.00007225319791,4607,6.405995845794678,0.039830193,0
31.74969525507715,92.00007225319791,4942,20.657188415527344,0.01179062,0
32.49996818037377,92.00007225319791,4948,7.1158037185668945,0.022217609,0
33.2502411056704,92.00007225319791,5264,8.048955917358398,0.019601647,0
33.500062586184036,92.00007225319791,4885,14.641997337341309,0.009587336,0
34.25033551148066,92.00007225319791,4816,11.883977890014648,0.15054649,0
21.750368164485934,92.24989373371159,32,7.113485813140869,0.53506017,1
22.25001112551321,92.24989373371159,87,12.789154052734375,0.111813426,1
22.49983260602685,92.24989373371159,102,8.62133502960205,0.2726984,1
23.49992701183711,92.24989373371159,241,14.392786979675293,0.1259769,1
23.749748492350747,92.24989373371159,302,32.91337585449219,0.43712467,1
24.000378456620098,92.24989373371159,126,13.269186973571777,0.05654034,1
25.250294342943995,92.24989373371159,580,39.5471305847168,0.3252196,1
25.74993730397128,92.24989373371159,800,15.494757652282715,0.6832718,1
25.999758784484918,92.24989373371159,338,21.847631454467773,0.35095036,1
26.999853190295177,92.24989373371159,1095,10.594402313232422,0.49415085,1
27.249674670808815,92.24989373371159,2749,10.955584526062012,0.24530205,1
27.500304635078166,92.24989373371159,2824,35.460811614990234,0.41963384,1
27.750126115591804,92.24989373371159,4989,32.38141632080078,0.008267172,1
27.999947596105443,92.24989373371159,5007,28.688508987426758,0.0040527345,1
28.24976907661908,92.24989373371159,4831,26.499242782592773,0.054073583,1
28.50039904088843,92.24989373371159,4473,30.288782119750977,0.04966667,1
28.750220521402067,92.24989373371159,4706,6.897012710571289,0.11231765,1
29.000042001915705,92.24989373371159,4640,11.734827995300293,0.04918262,1
29.249863482429344,92.24989373371159,3857,37.250003814697266,0.12625748,1
29.499684962942982,92.24989373371159,5157,9.503002166748047,0.065297276,1
29.75031492721233,92.24989373371159,5085,22.402555465698242,0.032523848,0
30.000136407725968,92.24989373371159,5311,9.646463394165039,0.07274387,0
30.249957888239607,92.24989373371159,5416,40.7435188293457,0.006326454,0
30.499779368753245,92.24989373371159,5430,29.333372116088867,0.0056042857,0
30.749600849266887,92.24989373371159,4894,34.41096115112305,0.008746091,0
31.00023081353623,92.24989373371159,4819,5.5686469078063965,0.04272445,0
32.49996818037377,92.24989373371159,5415,32.986629486083984,0.006644168,0
32.749789660887416,92.24989373371159,5371,31.30108070373535,0.009148734,0
32.99961114140105,92.24989373371159,5407,18.25838279724121,0.0074634054,0
33.500062586184036,92.24989373371159,4959,7.822214603424072,0.024991699,0
34.749978472507934,92.24989373371159,4999,10.689775466918945,0.041808557,0
35.24962143353522,92.24989373371159,4724,5.3120622634887695,0.063168064,0
20.750273758675668,92.4997152142252,327,25.32579231262207,0.24340244,0
21.249916719702945,92.4997152142252,107,11.657626152038574,0.030638803,0
21.499738200216584,92.4997152142252,189,16.35980987548828,0.31477654,0
21.750368164485934,92.4997152142252,299,9.468408584594727,0.2738177,1
22.000189644999573,92.4997152142252,679,11.883977890014648,0.19936061,1
22.25001112551321,92.4997152142252,163,8.509729385375977,0.21619263,1
22.49983260602685,92.4997152142252,241,17.533428192138672,0.25922093,1
22.749654086540488,92.4997152142252,71,5.071928024291992,0.32800823,1
23.00028405080983,92.4997152142252,91,15.960238456726074,0.3142701,1
23.25010553132347,92.4997152142252,351,15.234564781188965,0.41303477,1
23.49992701183711,92.4997152142252,706,29.021774291992188,0.45959726,1
23.749748492350747,92.4997152142252,828,45.27555465698242,0.41344395,1
24.000378456620098,92.4997152142252,712,19.20418357849121,0.6357649,1
24.250199937133736,92.4997152142252,42,8.963525772094727,0.6339514,1
24.749842898161013,92.4997152142252,35,7.832039833068848,0.25211015,1
25.250294342943995,92.4997152142252,1112,5.28387975692749,0.044419996,1
25.50011582345764,92.4997152142252,1050,14.174444198608398,0.3817222,1
25.74993730397128,92.4997152142252,753,17.54021644592285,0.49467742,1
25.999758784484918,92.4997152142252,133,11.130522727966309,0.31595907,1
26.999853190295177,92.4997152142252,793,11.937944412231445,0.39711612,1
27.249674670808815,92.4997152142252,2169,29.975791931152344,0.3368265,1
27.500304635078166,92.4997152142252,2243,25.852481842041016,0.31162962,1
27.750126115591804,92.4997152142252,3555,18.383464813232422,0.44127083,1
27.999947596105443,92.4997152142252,5649,30.168550491333008,0.0085501615,1
28.24976907661908,92.4997152142252,3837,32.42042541503906,0.35619634,1
28.50039904088843,92.4997152142252,4871,27.431833267211914,0.021814913,1
28.750220521402067,92.4997152142252,4833,6.8590545654296875,0.10631835,1
29.000042001915705,92.4997152142252,3984,20.845727920532227,0.6958134,1
29.249863482429344,92.4997152142252,4180,37.64319610595703,0.27763754,1
29.499684962942982,92.4997152142252,5343,32.16537094116211,0.040363193,1
29.75031492721233,92.4997152142252,5198,29.508222579956055,0.06596058,0
30.000136407725968,92.4997152142252,5264,32.903717041015625,0.010307108,0
30.249957888239607,92.4997152142252,5093,18.95594024658203,0.0047450806,0
30.499779368753245,92.4997152142252,4687,21.990028381347656,0.010066785,0
30.749600849266887,92.4997152142252,5011,23.784196853637695,0.0043433243,0
31.00023081353623,92.4997152142252,5221,11.980362892150879,0.01791237,0
31.250052294049873,92.4997152142252,4888,26.814844131469727,0.007622476,0
31.49987377456351,92.4997152142252,4680,24.4205379486084,0.010197116,0
32.00032521934649,92.4997152142252,4486,5.768189907073975,0.011075534,0
32.25014669986014,92.4997152142252,4821,7.045647621154785,0.024921203,0
32.49996818037377,92.4997152142252,5464,30.226104736328125,0.010905886,0
32.749789660887416,92.4997152142252,5330,19.396892547607422,0.008087405,0
34.749978472507934,92.4997152142252,5187,12.195648193359375,0.12626007,0
11.750232590139007,92.75034517849457,107,13.416072845458984,0.3532968,0
12.000054070652645,92.75034517849457,10,5.547544956207275,0.18033563,0
12.249875551166284,92.75034517849457,47,12.240614891052246,0.10129786,0
12.499697031679922,92.75034517849457,186,15.07416820526123,0.40683755,0
12.750326995949266,92.75034517849457,68,6.174471378326416,0.09064854,0
20.750273758675668,92.75034517849457,214,12.91538143157959,0.013404863,0
21.000095239189307,92.75034517849457,530,11.834271430969238,0.03526339,0
21.249916719702945,92.75034517849457,162,15.663961410522461,0.15742557,0
21.750368164485934,92.75034517849457,61,6.54022741317749,0.4376445,1
22.000189644999573,92.75034517849457,109,9.170146942138672,0.27072653,1
22.25001112551321,92.75034517849457,257,21.998380661010742,0.41884512,1
22.49983260602685,92.75034517849457,240,21.352209091186523,0.37631002,1
22.749654086540488,92.75034517849457,441,11.768447875976562,0.12855624,1
23.00028405080983,92.75034517849457,608,16.42226219177246,0.27580854,1
23.25010553132347,92.75034517849457,767,6.104207992553711,0.5556107,1
23.49992701183711,92.75034517849457,943,12.348809242248535,0.34883553,1
23.749748492350747,92.75034517849457,638,26.383155822753906,0.17726298,1
24.000378456620098,92.75034517849457,442,34.550411224365234,0.34994534,1
24.250199937133736,92.75034517849457,104,13.617751121520996,0.118888974,1
24.500021417647375,92.75034517849457,90,6.464860916137695,0.43133664,1
24.99966437867465,92.75034517849457,319,23.9230899810791,0.6947419,1
25.250294342943995,92.75034517849457,1208,6.399632930755615,0.6340368,1
25.50011582345764,92.75034517849457,526,7.982794284820557,0.0794515,1
25.74993730397128,92.75034517849457,169,7.047834873199463,0.21945891,1
27.249674670808815,92.75034517849457,1666,34.861446380615234,0.33606634,1
27.500304635078166,92.75034517849457,1784,22.60399627685547,0.6654616,1
27.750126115591804,92.75034517849457,3567,34.679325103759766,0.26683065,1
27.999947596105443,92.75034517849457,4700,32.2996826171875,0.004266417,1
28.24976907661908,92.75034517849457,4903,43.1507568359375,0.0025547554,1
28.50039904088843,92.75034517849457,5078,34.26689529418945,0.010682988,1
28.750220521402067,92.75034517849457,5077,22.77123260498047,0.03088119,1
29.000042001915705,92.75034517849457,4814,31.135643005371094,0.04066707,1
29.249863482429344,92.75034517849457,5052,8.758319854736328,0.069839284,1
29.499684962942982,92.75034517849457,5281,32.705997467041016,0.014839029,1
29.75031492721233,92.75034517849457,5275,39.36219024658203,0.0065144645,0
30.000136407725968,92.75034517849457,5235,36.99588394165039,0.0063585374,0
30.249957888239607,92.75034517849457,5288,11.537079811096191,0.02070037,0
30.499779368753245,92.75034517849457,5404,37.99312973022461,0.019914689,0
31.00023081353623,92.75034517849457,4927,8.276805877685547,0.017273607,0
31.250052294049873,92.75034517849457,5195,15.012226104736328,0.015951486,0
31.49987377456351,92.75034517849457,4422,18.152175903320312,0.04700179,0
31.74969525507715,92.75034517849457,4324,19.608854293823242,0.11165098,0
32.00032521934649,92.75034517849457,4597,5.547544956207275,0.077327825,0
32.25014669986014,92.75034517849457,4726,17.618976593017578,0.006659458,0
32.749789660887416,92.75034517849457,5521,11.00757122039795,0.006238908,0
32.99961114140105,92.75034517849457,5096,15.403365135192871,0.0397882,0
33.2502411056704,92.75034517849457,5045,15.898421287536621,0.007199113,0
33.500062586184036,92.75034517849457,4928,13.015436172485352,0.010609619,0
33.749884066697675,92.75034517849457,4561,6.3829121589660645,0.025482733,0
13.24996995697655,93.00016665900819,31,12.533329010009766,0.76813495,0
21.249916719702945,93.00016665900819,154,16.403541564941406,0.64916945,0
21.499738200216584,93.00016665900819,382,5.547544956207275,0.084895544,0
21.750368164485934,93.00016665900819,583,10.105772018432617,0.122229494,1
22.000189644999573,93.00016665900819,1115,35.94062423706055,0.65239,1
22.25001112551321,93.00016665900819,803,17.46487808227539,0.36715734,1
22.49983260602685,93.00016665900819,1077,35.68699264526367,0.75091934,1
22.749654086540488,93.00016665900819,654,16.589183807373047,0.54331994,1
23.00028405080983,93.00016665900819,1074,17.88336181640625,0.44409263,1
23.25010553132347,93.00016665900819,717,36.39692306518555,0.61142653,1
23.49992701183711,93.00016665900819,724,19.883228302001953,0.48942897,1
23.749748492350747,93.00016665900819,763,20.799203872680664,0.50069517,1
24.000378456620098,93.00016665900819,315,28.03879737854004,0.0872666,1
24.250199937133736,93.00016665900819,272,19.898693084716797,0.42262846,1
24.500021417647375,93.00016665900819,450,13.86656665802002,0.27154464,1
24.99966437867465,93.00016665900819,490,19.35477638244629,0.1926815,1
25.250294342943995,93.00016665900819,315,21.813749313354492,0.12019648,1
25.50011582345764,93.00016665900819,231,18.042314529418945,0.092972584,1
26.25038874875426,93.00016665900819,109,9.251143455505371,0.80989915,1
26.999853190295177,93.00016665900819,374,20.245513916015625,0.2493294,1
27.249674670808815,93.00016665900819,1001,20.688518524169922,0.5219228,1
27.500304635078166,93.00016665900819,776,14.986665725708008,0.46329507,1
27.750126115591804,93.00016665900819,1609,43.5939826965332,0.31231582,1
27.999947596105443,93.00016665900819,2515,12.154393196105957,0.5959003,1
28.24976907661908,93.00016665900819,4670,42.057376861572266,0.004792028,1
28.50039904088843,93.00016665900819,4669,28.349285125732422,0.018306065,1
28.750220521402067,93.00016665900819,4989,12.288119316101074,0.0178374,1
29.000042001915705,93.00016665900819,3892,29.143646240234375,0.13191028,1
29.249863482429344,93.00016665900819,4914,31.847087860107422,0.024395121,1
29.499684962942982,93.00016665900819,5127,25.80669593811035,0.00576209,1
29.75031492721233,93.00016665900819,4951,14.634552001953125,0.018892895,0
30.000136407725968,93.00016665900819,3985,38.41130065917969,0.05266831,0
30.249957888239607,93.00016665900819,5379,29.467723846435547,0.010517026,0
30.499779368753245,93.00016665900819,5255,30.0872745513916,0.0076896776,0
30.749600849266887,93.00016665900819,5187,25.727825164794922,0.005702438,0
31.00023081353623,93.00016665900819,5363,28.293190002441406,0.0045188596,0
31.250052294049873,93.00016665900819,5250,21.45709228515625,0.0067808824,0
31.49987377456351,93.00016665900819,4410,21.28280258178711,0.07468236,0
32.25014669986014,93.00016665900819,5028,18.955703735351562,0.0050763004,0
32.49996818037377,93.00016665900819,5053,30.44774055480957,0.010998581,0
32.749789660887416,93.00016665900819,5576,11.02132511138916,0.015233278,0
33.500062586184036,93.00016665900819,4975,17.474544525146484,0.018242514,0
34.5001569919943,93.00016665900819,4885,8.641725540161133,0.011793471,0
34.749978472507934,93.00016665900819,5033,13.181609153747559,0.021248687,0
34.99979995302158,93.00016665900819,4581,7.276127815246582,0.12620127,0
20.750273758675668,93.24998813952186,35,11.016011238098145,0.2680482,0
21.249916719702945,93.24998813952186,306,20.980833053588867,0.38044444,0
21.499738200216584,93.24998813952186,262,22.66815185546875,0.49636257,0
21.750368164485934,93.24998813952186,1397,15.1836519241333,0.6893439,1
22.000189644999573,93.24998813952186,1715,33.557273864746094,0.40468654,1
22.25001112551321,93.24998813952186,1758,44.569332122802734,0.38340873,1
22.49983260602685,93.24998813952186,730,29.505598068237305,0.4619757,1
22.749654086540488,93.24998813952186,1438,25.33592414855957,0.7079231,1
23.00028405080983,93.24998813952186,775,29.572362899780273,0.6341798,1
23.25010553132347,93.24998813952186,1250,25.99509048461914,0.61075526,1
23.49992701183711,93.24998813952186,1166,23.402441024780273,0.2443395,1
23.749748492350747,93.24998813952186,1155,41.51496124267578,0.7404811,1
24.000378456620098,93.24998813952186,659,25.01230239868164,0.1938646,1
24.250199937133736,93.24998813952186,710,29.437559127807617,0.43653134,1
24.500021417647375,93.24998813952186,112,18.32989501953125,0.27281994,1
24.749842898161013,93.24998813952186,561,28.379060745239258,0.19126661,1
24.99966437867465,93.24998813952186,100,15.750533103942871,0.18117239,1
25.250294342943995,93.24998813952186,659,14.475202560424805,0.07508745,1
25.50011582345764,93.24998813952186,321,11.005348205566406,0.25841635,1
25.74993730397128,93.24998813952186,142,5.914926052093506,0.015450484,1
26.25038874875426,93.24998813952186,435,11.665764808654785,0.2382412,1
26.999853190295177,93.24998813952186,335,18.930124282836914,0.37875018,1
27.249674670808815,93.24998813952186,1833,29.163272857666016,0.53459406,1
27.500304635078166,93.24998813952186,2216,49.828678131103516,0.8317041,1
27.750126115591804,93.24998813952186,1876,25.420391082763672,0.7554121,1
27.999947596105443,93.24998813952186,2299,41.68396759033203,0.38350025,1
28.24976907661908,93.24998813952186,2318,25.00002670288086,0.38883984,1
28.50039904088843,93.24998813952186,4143,26.417522430419922,0.076721504,1
28.750220521402067,93.24998813952186,4877,9.687874794006348,0.008861789,1
29.000042001915705,93.24998813952186,3098,10.093146324157715,0.5834076,1
29.249863482429344,93.24998813952186,4865,31.154281616210938,0.015190896,1
29.499684962942982,93.24998813952186,4885,21.88205909729004,0.00667503,1
29.75031492721233,93.24998813952186,4967,52.837974548339844,0.0058285547,0
30.249957888239607,93.24998813952186,4881,28.975893020629883,0.0141829755,0
30.499779368753245,93.24998813952186,5355,29.253467559814453,0.0041161207,0
30.749600849266887,93.24998813952186,4749,26.455263137817383,0.0047700517,0
31.00023081353623,93.24998813952186,5117,8.266806602478027,0.012352186,0
31.250052294049873,93.24998813952186,5237,36.68034362792969,0.0060270913,0
31.49987377456351,93.24998813952186,4577,28.459714889526367,0.023874614,0
31.74969525507715,93.24998813952186,4907,25.301626205444336,0.022834368,0
32.00032521934649,93.24998813952186,4617,29.47998809814453,0.015305845,0
32.25014669986014,93.24998813952186,4555,7.686164855957031,0.044397637,0
32.49996818037377,93.24998813952186,5059,18.365549087524414,0.009335045,0
32.749789660887416,93.24998813952186,5404,15.832477569580078,0.0050679147,0
33.2502411056704,93.24998813952186,4834,5.350009441375732,0.033667956,0
33.749884066697675,93.24998813952186,4901,6.832479476928711,0.03723909,0
34.25033551148066,93.24998813952186,4544,11.52297592163086,0.019272598,0
34.5001569919943,93.24998813952186,4731,8.976897239685059,0.021306956,0
7.999676447411588,93.49980962003548,35,5.292056560516357,0.18225712,0
20.499643794406325,93.49980962003548,307,8.840932846069336,0.17772514,0
20.750273758675668,93.49980962003548,382,11.53048038482666,0.18136235,0
21.000095239189307,93.49980962003548,560,41.273033142089844,0.35182387,0
21.249916719702945,93.49980962003548,448,17.911489486694336,0.15516421,0
21.499738200216584,93.49980962003548,1175,26.95212173461914,0.20477128,0
21.750368164485934,93.49980962003548,2030,21.441822052001953,0.8087344,1
22.000189644999573,93.49980962003548,1879,25.95265007019043,0.56361824,1
22.25001112551321,93.49980962003548,1796,28.30533218383789,0.6759384,1
22.49983260602685,93.49980962003548,2268,19.27581024169922,0.3551091,1
22.749654086540488,93.49980962003548,2268,43.48271179199219,0.15886833,1
23.00028405080983,93.49980962003548,1934,39.05839538574219,0.50067353,1
23.25010553132347,93.49980962003548,2024,28.110973358154297,0.6824964,1
23.49992701183711,93.49980962003548,1381,10.810126304626465,0.27557003,1
23.749748492350747,93.49980962003548,1400,41.05610275268555,0.51331747,1
24.000378456620098,93.49980962003548,984,24.48533821105957,0.32692313,1
24.250199937133736,93.49980962003548,758,34.17071533203125,0.12846385,1
24.500021417647375,93.49980962003548,621,27.75234603881836,0.11473083,1
24.749842898161013,93.49980962003548,725,38.57113265991211,0.89668745,1
24.99966437867465,93.49980962003548,1173,30.984556198120117,0.3955454,1
25.250294342943995,93.49980962003548,1720,27.96912956237793,0.8010237,1
25.50011582345764,93.49980962003548,489,11.228455543518066,0.086721666,1
25.999758784484918,93.49980962003548,300,10.042760848999023,0.0166385,1
26.25038874875426,93.49980962003548,908,25.56195831298828,0.25994143,1
26.999853190295177,93.49980962003548,631,17.6367244720459,0.14348754,1
27.249674670808815,93.49980962003548,886,20.675601959228516,0.4349198,1
27.500304635078166,93.49980962003548,1651,20.341859817504883,0.7255698,1
27.750126115591804,93.49980962003548,1552,38.731956481933594,0.38585192,1
27.999947596105443,93.49980962003548,585,32.008811950683594,0.35696995,1
28.24976907661908,93.49980962003548,3501,42.5823974609375,0.21465449,1
28.50039904088843,93.49980962003548,3202,31.402198791503906,0.07384985,1
28.750220521402067,93.49980962003548,4231,23.44544219970703,0.090308525,1
29.000042001915705,93.49980962003548,4862,27.043941497802734,0.005278982,1
29.249863482429344,93.49980962003548,4596,24.492931365966797,0.00829911,1
29.499684962942982,93.49980962003548,4818,27.33193588256836,0.0047780443,1
29.75031492721233,93.49980962003548,4401,27.8291072845459,0.03352728,0
30.000136407725968,93.49980962003548,5024,20.21319007873535,0.008792164,0
30.249957888239607,93.49980962003548,5606,46.532623291015625,0.0028489395,0
30.499779368753245,93.49980962003548,5728,50.25835037231445,0.00855076,0
30.749600849266887,93.49980962003548,5140,19.707000732421875,0.007242121,0
31.00023081353623,93.49980962003548,5416,30.548320770263672,0.008937275,0
31.250052294049873,93.49980962003548,5212,27.532041549682617,0.004489348,0
31.49987377456351,93.49980962003548,4347,24.382770538330078,0.054235946,0
31.74969525507715,93.49980962003548,5417,13.712015151977539,0.024485718,0
32.00032521934649,93.49980962003548,4633,9.464844703674316,0.013623725,0
32.25014669986014,93.49980962003548,4918,8.110865592956543,0.013220974,0
32.49996818037377,93.49980962003548,5204,8.954240798950195,0.019231474,0
32.99961114140105,93.49980962003548,4848,6.993949890136719,0.041193597,0
33.2502411056704,93.49980962003548,4814,6.031759262084961,0.048597086,0
33.749884066697675,93.49980962003548,4808,5.028098106384277,0.04739118,0
34.5001569919943,93.49980962003548,4699,10.007098197937012,0.01805047,0
34.99979995302158,93.49980962003548,4612,6.110818386077881,0.159821,0
20.00000083337904,93.7496311005491,235,6.990955829620361,0.065791614,0
20.24982231389268,93.7496311005491,314,18.0701904296875,0.4321422,0
20.499643794406325,93.7496311005491,703,17.18582534790039,0.29283157,0
20.750273758675668,93.7496311005491,1306,27.019590377807617,0.61643755,0
21.000095239189307,93.7496311005491,1021,27.090347290039062,0.5129366,0
21.249916719702945,93.7496311005491,1387,36.44304656982422,0.4173201,0
21.499738200216584,93.7496311005491,2018,23.907699584960938,0.78798485,0
21.750368164485934,93.7496311005491,982,31.764942169189453,0.6000563,1
22.000189644999573,93.7496311005491,783,27.59347152709961,0.32513857,1
22.25001112551321,93.7496311005491,1146,20.635766983032227,0.5786726,1
22.49983260602685,93.7496311005491,1264,26.555574417114258,0.5048154,1
22.749654086540488,93.7496311005491,880,27.563156127929688,0.24421886,1
23.00028405080983,93.7496311005491,1430,17.03760528564453,0.7643543,1
23.25010553132347,93.7496311005491,1384,22.574872970581055,0.5518808,1
23.49992701183711,93.7496311005491,1888,32.118648529052734,0.31662753,1
23.749748492350747,93.7496311005491,1136,16.121957778930664,0.76543003,1
24.000378456620098,93.7496311005491,920,30.655590057373047,0.31127948,1
24.250199937133736,93.7496311005491,1183,13.362682342529297,0.19920267,1
24.749842898161013,93.7496311005491,1426,13.538302421569824,0.82738817,1
24.99966437867465,93.7496311005491,1423,27.858877182006836,0.4814971,1
25.250294342943995,93.7496311005491,1163,27.02056121826172,0.5235614,1
25.50011582345764,93.7496311005491,1151,25.060266494750977,0.45734444,1
25.74993730397128,93.7496311005491,531,19.87764549255371,0.07853032,1
26.25038874875426,93.7496311005491,269,9.503641128540039,0.45367005,1
26.5002102292679,93.7496311005491,118,12.811399459838867,0.5207933,1
27.249674670808815,93.7496311005491,772,23.64076042175293,0.34299773,1
27.500304635078166,93.7496311005491,1174,7.8475165367126465,0.30407053,1
27.750126115591804,93.7496311005491,1436,34.45051956176758,0.4686013,1
27.999947596105443,93.7496311005491,572,38.299015045166016,0.6826511,1
28.24976907661908,93.7496311005491,2861,50.59991455078125,0.13982368,1
28.50039904088843,93.7496311005491,3371,14.052156448364258,0.53935546,1
28.750220521402067,93.7496311005491,3783,14.057999610900879,0.4018735,1
29.000042001915705,93.7496311005491,4936,39.60078048706055,0.0043971287,1
29.249863482429344,93.7496311005491,4815,23.31098175048828,0.0060210843,1
29.499684962942982,93.7496311005491,4812,35.3597297668457,0.007916547,1
29.75031492721233,93.7496311005491,4733,26.496723175048828,0.009708931,0
30.000136407725968,93.7496311005491,4068,28.644346237182617,0.082313284,0
30.249957888239607,93.7496311005491,4515,27.79813003540039,0.0062828963,0
30.499779368753245,93.7496311005491,5297,11.527581214904785,0.0042698784,0
30.749600849266887,93.7496311005491,4778,29.858699798583984,0.0067393277,0
31.00023081353623,93.7496311005491,5283,14.974549293518066,0.021037627,0
31.250052294049873,93.7496311005491,4760,18.81607437133789,0.010826657,0
31.49987377456351,93.7496311005491,4217,23.701940536499023,0.0830526,0
31.74969525507715,93.7496311005491,4045,44.676368713378906,0.066885605,0
32.00032521934649,93.7496311005491,4111,21.344606399536133,0.19360402,0
32.25014669986014,93.7496311005491,4556,17.783092498779297,0.013140278,0
32.49996818037377,93.7496311005491,4761,7.39886999130249,0.053936858,0
34.25033551148066,93.7496311005491,4832,19.750675201416016,0.009027801,0
34.5001569919943,93.7496311005491,4660,7.252838134765625,0.03530184,0
34.99979995302158,93.7496311005491,4977,11.1785249710083,0.090842545,0
20.00000083337904,94.00026106481846,178,9.996406555175781,0.2623092,0
20.24982231389268,94.00026106481846,261,29.44730567932129,0.36765692,0
20.499643794406325,94.00026106481846,974,23.81496238708496,0.1679198,0
20.750273758675668,94.00026106481846,894,16.32391357421875,0.6711143,0
21.000095239189307,94.00026106481846,1217,26.972938537597656,0.38736752,0
21.249916719702945,94.00026106481846,1541,31.89183235168457,0.33783713,0
21.499738200216584,94.00026106481846,1093,18.707744598388672,0.6447414,0
22.000189644999573,94.00026106481846,392,7.67202091217041,0.022544941,1
22.49983260602685,94.00026106481846,379,5.290638446807861,0.019189466,1
22.749654086540488,94.00026106481846,230,5.112315654754639,0.07414874,1
23.00028405080983,94.00026106481846,181,33.3773078918457,0.6075194,1
23.749748492350747,94.00026106481846,1158,19.12671661376953,0.5912261,1
24.000378456620098,94.00026106481846,1099,35.32399368286133,0.32394964,1
24.250199937133736,94.00026106481846,1598,17.42475700378418,0.39542255,1
24.99966437867465,94.00026106481846,827,10.412497520446777,0.33689323,1
25.250294342943995,94.00026106481846,1175,8.238885879516602,0.6599403,1
25.50011582345764,94.00026106481846,1456,16.67157745361328,0.7540154,1
25.74993730397128,94.00026106481846,926,19.240699768066406,0.22793181,1
25.999758784484918,94.00026106481846,691,21.096525192260742,0.34741518,1
27.500304635078166,94.00026106481846,1853,39.48521423339844,0.4112549,1
27.750126115591804,94.00026106481846,515,29.41132354736328,0.39803195,1
27.999947596105443,94.00026106481846,1793,14.336629867553711,0.42317662,1
28.24976907661908,94.00026106481846,2373,31.10851287841797,0.3637724,1
28.50039904088843,94.00026106481846,2829,30.14883041381836,0.23464055,1
28.750220521402067,94.00026106481846,4068,28.33536720275879,0.16824645,1
29.000042001915705,94.00026106481846,4705,23.13609504699707,0.01033692,1
29.249863482429344,94.00026106481846,4288,35.594234466552734,0.09425581,1
29.499684962942982,94.00026106481846,5152,32.64225769042969,0.010280599,1
29.75031492721233,94.00026106481846,3154,12.002933502197266,0.6361395,0
30.000136407725968,94.00026106481846,3588,10.096575736999512,0.5331974,0
30.249957888239607,94.00026106481846,4493,47.173187255859375,0.008554265,0
30.499779368753245,94.00026106481846,3766,40.764862060546875,0.15542296,0
30.749600849266887,94.00026106481846,5660,28.122982025146484,0.015029579,0
31.00023081353623,94.00026106481846,5297,11.989505767822266,0.004392616,0
31.250052294049873,94.00026106481846,4717,33.83857727050781,0.008909775,0
31.49987377456351,94.00026106481846,4305,27.452499389648438,0.019958105,0
31.74969525507715,94.00026106481846,4993,8.328857421875,0.019096993,0
32.00032521934649,94.00026106481846,4495,16.505189895629883,0.013267961,0
32.25014669986014,94.00026106481846,4904,24.445884704589844,0.014449536,0
34.25033551148066,94.00026106481846,4796,15.900761604309082,0.008679587,0
34.99979995302158,94.00026106481846,4851,7.123581409454346,0.13044478,0
16.250253174407334,94.25008254533208,70,7.254600524902344,0.19934268,0
18.99990642756878,94.25008254533208,45,9.207773208618164,0.27073163,0
19.24972790808242,94.25008254533208,291,5.75370979309082,0.068055965,0
19.500357872351763,94.25008254533208,313,10.815784454345703,0.4487243,0
19.750179352865402,94.25008254533208,305,23.901079177856445,0.071011,0
20.24982231389268,94.25008254533208,1276,31.240772247314453,0.5431163,0
21.000095239189307,94.25008254533208,292,7.763662815093994,0.019087406,0
21.249916719702945,94.25008254533208,242,6.11665678024292,0.0153466165,0
21.499738200216584,94.25008254533208,447,12.654925346374512,0.031526368,0
21.750368164485934,94.25008254533208,443,6.59850549697876,0.011148024,1
22.000189644999573,94.25008254533208,518,8.771801948547363,0.01767921,1
22.25001112551321,94.25008254533208,812,20.468454360961914,0.06983264,1
22.49983260602685,94.25008254533208,831,20.560710906982422,0.086281195,1
22.749654086540488,94.25008254533208,799,32.93309783935547,0.42309883,1
23.00028405080983,94.25008254533208,840,16.287492752075195,0.5434919,1
23.25010553132347,94.25008254533208,285,9.664098739624023,0.16053042,1
23.49992701183711,94.25008254533208,291,15.330979347229004,0.46293253,1
24.500021417647375,94.25008254533208,851,19.764360427856445,0.25765595,1
24.749842898161013,94.25008254533208,1241,25.53990936279297,0.517773,1
24.99966437867465,94.25008254533208,1090,18.447834014892578,0.36325788,1
25.250294342943995,94.25008254533208,1036,21.136716842651367,0.43547496,1
25.50011582345764,94.25008254533208,2127,14.904093742370605,0.6224161,1
25.74993730397128,94.25008254533208,635,22.8344669342041,0.17106475,1
25.999758784484918,94.25008254533208,1094,15.016095161437988,0.2592636,1
26.25038874875426,94.25008254533208,839,23.94376564025879,0.1338714,1
26.5002102292679,94.25008254533208,297,34.33010482788086,0.37208816,1
27.750126115591804,94.25008254533208,559,36.747100830078125,0.73598564,1
27.999947596105443,94.25008254533208,295,6.579799652099609,0.39739,1
28.24976907661908,94.25008254533208,948,28.995254516601562,0.2502113,1
28.50039904088843,94.25008254533208,2588,32.667606353759766,0.5809834,1
28.750220521402067,94.25008254533208,2611,28.414873123168945,0.4212665,1
29.000042001915705,94.25008254533208,3405,26.662567138671875,0.36473134,1
29.499684962942982,94.25008254533208,4160,33.261104583740234,0.042407874,1
30.000136407725968,94.25008254533208,4425,32.021751403808594,0.02111724,0
30.249957888239607,94.25008254533208,3774,52.833717346191406,0.1434598,0
30.499779368753245,94.25008254533208,5418,33.75849533081055,0.01069735,0
30.749600849266887,94.25008254533208,5497,55.36361312866211,0.0069396603,0
31.00023081353623,94.25008254533208,4643,35.81230926513672,0.008840492,0
31.250052294049873,94.25008254533208,4034,35.3140869140625,0.22395803,0
31.49987377456351,94.25008254533208,4555,30.762998580932617,0.019470409,0
31.74969525507715,94.25008254533208,4566,27.470041275024414,0.014122919,0
32.00032521934649,94.25008254533208,5184,33.18595886230469,0.026944034,0
32.25014669986014,94.25008254533208,4721,23.2367000579834,0.012338709,0
32.49996818037377,94.25008254533208,4918,5.654139041900635,0.027160732,0
32.99961114140105,94.25008254533208,4897,6.077233791351318,0.044414148,0
33.2502411056704,94.25008254533208,4696,6.906842231750488,0.027571676,0
34.25033551148066,94.25008254533208,4616,5.081857204437256,0.030726198,0
34.5001569919943,94.25008254533208,4572,13.973854064941406,0.016618874,0
34.749978472507934,94.25008254533208,4872,5.72319221496582,0.014351168,0
34.99979995302158,94.25008254533208,4739,14.501031875610352,0.04752078,0
16.500074654920972,94.49990402584575,107,7.3788604736328125,0.3643329,0
16.749896135434618,94.49990402584575,72,15.0514554977417,0.33383137,0
16.999717615948256,94.49990402584575,31,5.568436145782471,0.29320768,0
17.999812021758515,94.49990402584575,36,6.020229339599609,0.11904836,0
18.249633502272154,94.49990402584575,150,19.004384994506836,0.16077843,0
18.500263466541504,94.49990402584575,268,16.8837947845459,0.29213786,0
18.750084947055143,94.49990402584575,451,16.900527954101562,0.14605416,0
18.99990642756878,94.49990402584575,497,32.434791564941406,0.16818447,0
19.24972790808242,94.49990402584575,586,5.18077278137207,0.089769855,0
19.500357872351763,94.49990402584575,741,19.045568466186523,0.2485573,0
20.24982231389268,94.49990402584575,250,10.125558853149414,0.020548953,0
20.750273758675668,94.49990402584575,195,5.067536354064941,0.005255652,0
22.25001112551321,94.49990402584575,569,16.552610397338867,0.033778414,1
22.749654086540488,94.49990402584575,199,5.136281967163086,0.0029571855,1
23.25010553132347,94.49990402584575,305,6.089587688446045,0.07396847,1
23.49992701183711,94.49990402584575,249,15.937577247619629,0.24904907,1
23.749748492350747,94.49990402584575,138,7.569575786590576,0.3728515,1
24.000378456620098,94.49990402584575,621,19.730058670043945,0.12248626,1
24.250199937133736,94.49990402584575,427,6.4972758293151855,0.1444239,1
24.749842898161013,94.49990402584575,1063,12.118151664733887,0.21800347,1
24.99966437867465,94.49990402584575,1062,24.6048526763916,0.23454246,1
25.250294342943995,94.49990402584575,1548,25.417909622192383,0.40632245,1
25.50011582345764,94.49990402584575,1345,6.210488796234131,0.6708348,1
25.74993730397128,94.49990402584575,1122,21.813688278198242,0.4693854,1
25.999758784484918,94.49990402584575,1809,24.712207794189453,0.77698886,1
26.25038874875426,94.49990402584575,804,19.545209884643555,0.18273875,1
26.5002102292679,94.49990402584575,678,19.93865394592285,0.094961524,1
27.750126115591804,94.49990402584575,288,31.992067337036133,0.7701863,1
27.999947596105443,94.49990402584575,758,20.165924072265625,0.5697341,1
28.24976907661908,94.49990402584575,1588,27.61847496032715,0.54175,1
28.50039904088843,94.49990402584575,1418,36.271427154541016,0.5142954,1
28.750220521402067,94.49990402584575,3083,17.73234748840332,0.684035,1
29.000042001915705,94.49990402584575,2180,37.74747085571289,0.40255898,1
29.249863482429344,94.49990402584575,3954,43.876853942871094,0.027479539,1
29.499684962942982,94.49990402584575,4311,34.34901809692383,0.03715445,1
29.75031492721233,94.49990402584575,4573,22.402555465698242,0.00541885,0
30.000136407725968,94.49990402584575,4028,36.36720275878906,0.13843465,0
30.249957888239607,94.49990402584575,3858,28.693500518798828,0.12444833,0
30.499779368753245,94.49990402584575,4226,5.84010124206543,0.2917915,0
30.749600849266887,94.49990402584575,4691,35.5847053527832,0.011057864,0
31.00023081353623,94.49990402584575,4909,7.671948432922363,0.031990007,0
31.250052294049873,94.49990402584575,3794,14.658425331115723,0.44258186,0
31.74969525507715,94.49990402584575,4807,18.120389938354492,0.01648148,0
32.25014669986014,94.49990402584575,5024,25.774930953979492,0.036657836,0
32.49996818037377,94.49990402584575,4881,34.1248779296875,0.0034487168,0
32.749789660887416,94.49990402584575,5080,22.847862243652344,0.0132372575,0
32.99961114140105,94.49990402584575,5200,33.568321228027344,0.015411328,0
34.5001569919943,94.49990402584575,4686,7.290372848510742,0.044873565,0
16.500074654920972,94.74972550635937,26,5.982133865356445,0.2149526,0
17.2503475802176,94.74972550635937,231,5.087785243988037,0.22653773,0
17.50016906073124,94.74972550635937,347,18.4639835357666,0.28741127,0
17.749990541244877,94.74972550635937,254,20.25649642944336,0.45310616,0
17.999812021758515,94.74972550635937,487,15.291703224182129,0.10504229,0
18.249633502272154,94.74972550635937,653,6.7706298828125,0.06974643,0
18.500263466541504,94.74972550635937,909,23.644031524658203,0.09277588,0
18.750084947055143,94.74972550635937,886,13.990556716918945,0.28955093,0
18.99990642756878,94.74972550635937,635,20.368986129760742,0.52062666,0
19.24972790808242,94.74972550635937,87,7.932755947113037,0.11880672,0
19.500357872351763,94.74972550635937,215,6.706428527832031,0.01835775,0
19.750179352865402,94.74972550635937,337,5.087785243988037,0.025945455,0
21.750368164485934,94.74972550635937,295,5.183828830718994,0.0021255517,1
23.00028405080983,94.74972550635937,203,10.825185775756836,0.024125494,1
23.49992701183711,94.74972550635937,337,7.151635646820068,0.03936269,1
24.99966437867465,94.74972550635937,1394,24.05132293701172,0.4402446,1
25.250294342943995,94.74972550635937,1854,30.207162857055664,0.38438833,1
25.50011582345764,94.74972550635937,2779,33.30852127075195,0.09901446,1
25.74993730397128,94.74972550635937,834,32.720890045166016,0.19077972,1
25.999758784484918,94.74972550635937,1275,37.0224723815918,0.71162534,1
26.25038874875426,94.74972550635937,1564,17.102245330810547,0.52652687,1
27.750126115591804,94.74972550635937,616,34.81077194213867,0.6433976,1
27.999947596105443,94.74972550635937,807,5.237597465515137,0.24033578,1
28.24976907661908,94.74972550635937,611,27.325794219970703,0.30249202,1
28.50039904088843,94.74972550635937,2338,36.68136215209961,0.3556771,1
28.750220521402067,94.74972550635937,1067,33.040897369384766,0.7617784,1
29.000042001915705,94.74972550635937,2297,37.171836853027344,0.7421013,1
29.249863482429344,94.74972550635937,4683,33.071434020996094,0.0027810768,1
29.499684962942982,94.74972550635937,3135,10.752768516540527,0.6312934,1
29.75031492721233,94.74972550635937,3449,15.053243637084961,0.3950054,0
30.000136407725968,94.74972550635937,2968,31.906312942504883,0.48679516,0
30.249957888239607,94.74972550635937,3868,30.083690643310547,0.060865365,0
30.499779368753245,94.74972550635937,5284,28.30268096923828,0.007858669,0
30.749600849266887,94.74972550635937,4740,30.84415626525879,0.005662281,0
31.00023081353623,94.74972550635937,3641,37.706600189208984,0.31764147,0
31.250052294049873,94.74972550635937,4932,32.55344772338867,0.009502646,0
31.49987377456351,94.74972550635937,4401,35.163455963134766,0.03968337,0
31.74969525507715,94.74972550635937,4989,28.826828002929688,0.004369023,0
32.00032521934649,94.74972550635937,4481,10.223552703857422,0.019100996,0
32.49996818037377,94.74972550635937,4715,23.471717834472656,0.0094195055,0
32.749789660887416,94.74972550635937,4766,11.555171966552734,0.021823935,0
32.99961114140105,94.74972550635937,5031,26.54750633239746,0.017839829,0
33.2502411056704,94.74972550635937,4517,17.132875442504883,0.016268676,0
33.500062586184036,94.74972550635937,4880,5.002399921417236,0.024722489,0
34.25033551148066,94.74972550635937,4630,6.7174530029296875,0.040344875,0
34.5001569919943,94.74972550635937,4779,16.7868709564209,0.0098903235,0
34.749978472507934,94.74972550635937,4400,6.032661437988281,0.60809815,0
17.50016906073124,95.00035547062873,21,5.053426265716553,0.72751325,0
17.749990541244877,95.00035547062873,192,21.035003662109375,0.16160433,0
17.999812021758515,95.00035547062873,235,18.71439552307129,0.35678294,0
18.249633502272154,95.00035547062873,223,11.604104995727539,0.2370321,0
20.499643794406325,95.00035547062873,145,6.939643859863281,0.011985811,0
23.25010553132347,95.00035547062873,289,12.014013290405273,0.059184663,1
23.49992701183711,95.00035547062873,407,6.089899063110352,0.078371964,1
23.749748492350747,95.00035547062873,531,7.569575786590576,0.07340423,1
24.000378456620098,95.00035547062873,345,8.391071319580078,0.11338406,1
25.50011582345764,95.00035547062873,1034,32.49429702758789,0.34222293,1
25.74993730397128,95.00035547062873,2798,33.78532028198242,0.06158711,1
25.999758784484918,95.00035547062873,1164,18.458934783935547,0.2002589,1
26.25038874875426,95.00035547062873,2587,17.49403190612793,0.37659234,1
26.5002102292679,95.00035547062873,1381,20.770925521850586,0.50387764,1
26.75003170978154,95.00035547062873,680,17.824594497680664,0.1589799,1
27.999947596105443,95.00035547062873,775,11.917228698730469,0.4247355,1
28.24976907661908,95.00035547062873,467,21.79292869567871,0.35495177,1
28.50039904088843,95.00035547062873,1385,36.48814010620117,0.3854124,1
28.750220521402067,95.00035547062873,1650,24.35418128967285,0.71703243,1
29.000042001915705,95.00035547062873,1373,31.935199737548828,0.424372,1
29.249863482429344,95.00035547062873,2503,31.77684783935547,0.3373211,1
29.499684962942982,95.00035547062873,3866,32.68896484375,0.28261113,1
29.75031492721233,95.00035547062873,3151,32.24496078491211,0.20395288,0
30.000136407725968,95.00035547062873,3096,42.066078186035156,0.30482447,0
30.249957888239607,95.00035547062873,5148,27.6833553314209,0.007161527,0
30.499779368753245,95.00035547062873,5388,39.42768859863281,0.011064623,0
30.749600849266887,95.00035547062873,5105,35.75572204589844,0.011135184,0
31.00023081353623,95.00035547062873,4513,34.98918151855469,0.019018143,0
31.250052294049873,95.00035547062873,4920,32.8248176574707,0.01094433,0
31.49987377456351,95.00035547062873,4948,20.15690803527832,0.010718611,0
31.74969525507715,95.00035547062873,5087,32.80492401123047,0.011724074,0
32.00032521934649,95.00035547062873,5496,42.93891525268555,0.0037791547,0
32.25014669986014,95.00035547062873,5133,19.11893081665039,0.008984601,0
32.49996818037377,95.00035547062873,5288,28.70943260192871,0.008557004,0
32.749789660887416,95.00035547062873,4664,5.379220008850098,0.010753702,0
32.99961114140105,95.00035547062873,4402,8.12542724609375,0.04222909,0
33.2502411056704,95.00035547062873,4703,26.86023712158203,0.0035036781,0
33.500062586184036,95.00035547062873,5164,18.940732955932617,0.014047299,0
33.749884066697675,95.00035547062873,4777,20.04970932006836,0.0076942015,0
34.5001569919943,95.00035547062873,4570,29.733402252197266,0.0040056068,0
34.749978472507934,95.00035547062873,4725,13.899402618408203,0.018561399,0
34.99979995302158,95.00035547062873,4680,8.363937377929688,0.05680548,0
18.99990642756878,95.25017695114235,114,5.111123561859131,0.027352642,0
20.00000083337904,95.25017695114235,158,5.056128978729248,0.004347124,0
24.250199937133736,95.25017695114235,321,12.047094345092773,0.15248357,1
24.500021417647375,95.25017695114235,297,10.437853813171387,0.08185067,1
24.749842898161013,95.25017695114235,188,6.054296970367432,0.11282717,1
25.50011582345764,95.25017695114235,209,12.2783784866333,0.49037686,1
25.74993730397128,95.25017695114235,465,23.09152603149414,0.1935336,1
25.999758784484918,95.25017695114235,944,23.19255256652832,0.28671545,1
26.25038874875426,95.25017695114235,1781,24.60498046875,0.27869406,1
26.5002102292679,95.25017695114235,955,18.450687408447266,0.5144482,1
26.75003170978154,95.25017695114235,1133,13.874871253967285,0.8092641,1
26.999853190295177,95.25017695114235,413,14.872239112854004,0.21445337,1
28.24976907661908,95.25017695114235,1456,36.83603286743164,0.6137163,1
28.50039904088843,95.25017695114235,1249,17.775602340698242,0.40789315,1
28.750220521402067,95.25017695114235,2486,40.191593170166016,0.45188078,1
29.000042001915705,95.25017695114235,3946,25.75710105895996,0.047353685,1
29.249863482429344,95.25017695114235,1139,33.13887023925781,0.33785108,1
29.499684962942982,95.25017695114235,2903,32.44377136230469,0.30896863,1
29.75031492721233,95.25017695114235,2787,36.20819091796875,0.50747055,0
30.000136407725968,95.25017695114235,3761,33.448692321777344,0.1712119,0
30.249957888239607,95.25017695114235,4947,25.085256576538086,0.0043212767,0
30.499779368753245,95.25017695114235,4752,32.49563217163086,0.022239566,0
30.749600849266887,95.25017695114235,4555,6.4643425941467285,0.046047874,0
31.00023081353623,95.25017695114235,3999,28.160507202148438,0.103822984,0
31.250052294049873,95.25017695114235,5157,24.064668655395508,0.012691828,0
31.49987377456351,95.25017695114235,4982,25.27720069885254,0.007771603,0
31.74969525507715,95.25017695114235,5315,19.121633529663086,0.003508793,0
32.00032521934649,95.25017695114235,4785,18.108564376831055,0.004786848,0
32.25014669986014,95.25017695114235,5085,24.525785446166992,0.006492027,0
32.49996818037377,95.25017695114235,4682,34.84782409667969,0.006442963,0
32.749789660887416,95.25017695114235,4536,17.13883399963379,0.017421976,0
32.99961114140105,95.25017695114235,4959,28.761926651000977,0.008484116,0
33.2502411056704,95.25017695114235,4694,26.62024688720703,0.00738461,0
33.500062586184036,95.25017695114235,5012,25.549100875854492,0.009100539,0
33.749884066697675,95.25017695114235,4538,16.42674446105957,0.016726868,0
34.25033551148066,95.25017695114235,5031,25.644662857055664,0.0042815474,0
34.5001569919943,95.25017695114235,4655,21.550443649291992,0.0122618005,0
34.749978472507934,95.25017695114235,4963,18.62628173828125,0.009248297,0
20.750273758675668,95.49999843165602,335,7.412341117858887,0.0079855425,0
24.000378456620098,95.49999843165602,342,5.86474609375,0.08756285,1
24.500021417647375,95.49999843165602,288,5.1038289070129395,0.11477369,1
24.99966437867465,95.49999843165602,172,5.124125957489014,0.028773712,1
25.250294342943995,95.49999843165602,314,14.479804039001465,0.17678617,1
25.74993730397128,95.49999843165602,200,5.189855575561523,0.23189898,1
25.999758784484918,95.49999843165602,1121,18.775115966796875,0.62171537,1
26.25038874875426,95.49999843165602,461,15.654488563537598,0.14096326,1
26.5002102292679,95.49999843165602,656,19.088279724121094,0.58734405,1
26.75003170978154,95.49999843165602,1499,20.773120880126953,0.3732497,1
26.999853190295177,95.49999843165602,628,15.352972984313965,0.38336116,1
28.24976907661908,95.49999843165602,1727,28.192657470703125,0.7422425,1
28.50039904088843,95.49999843165602,1962,14.738652229309082,0.90221614,1
28.750220521402067,95.49999843165602,2553,29.185733795166016,0.26524583,1
29.000042001915705,95.49999843165602,3005,32.89839553833008,0.25575078,1
29.249863482429344,95.49999843165602,3023,31.121109008789062,0.22447519,1
29.499684962942982,95.49999843165602,1638,41.787384033203125,0.27999994,1
29.75031492721233,95.49999843165602,3746,41.432395935058594,0.29631335,0
30.499779368753245,95.49999843165602,4919,26.82594871520996,0.00790107,0
30.749600849266887,95.49999843165602,4245,12.932403564453125,0.1290385,0
31.00023081353623,95.49999843165602,3826,33.6605110168457,0.38411784,0
31.250052294049873,95.49999843165602,4186,30.809349060058594,0.12824543,0
31.49987377456351,95.49999843165602,4548,25.703432083129883,0.004333187,0
31.74969525507715,95.49999843165602,5281,29.979177474975586,0.0047776815,0
32.00032521934649,95.49999843165602,5161,9.10384464263916,0.01742263,0
32.25014669986014,95.49999843165602,4941,25.884746551513672,0.03714399,0
32.49996818037377,95.49999843165602,4687,12.57490062713623,0.008065935,0
32.749789660887416,95.49999843165602,4960,10.279589653015137,0.011957025,0
32.99961114140105,95.49999843165602,4497,16.66167449951172,0.019384734,0
33.2502411056704,95.49999843165602,5036,24.019990921020508,0.0056016184,0
33.500062586184036,95.49999843165602,5385,36.539024353027344,0.008134352,0
33.749884066697675,95.49999843165602,4672,25.600202560424805,0.021533445,0
33.99970554721131,95.49999843165602,4760,5.118121147155762,0.01774135,0
34.25033551148066,95.49999843165602,4691,30.980453491210938,0.009984899,0
34.5001569919943,95.49999843165602,4776,24.481496810913086,0.008398542,0
34.749978472507934,95.49999843165602,4645,14.530821800231934,0.015175424,0
35.24962143353522,95.49999843165602,4552,11.75837516784668,0.041385166,0
18.99990642756878,95.74981991216964,269,9.689678192138672,0.0125307515,0
19.24972790808242,95.74981991216964,362,5.751909255981445,0.0033240325,0
19.750179352865402,95.74981991216964,283,8.42982006072998,0.0036404533,0
20.00000083337904,95.74981991216964,374,13.251483917236328,0.011061128,0
20.24982231389268,95.74981991216964,401,7.378872394561768,0.017278649,0
23.25010553132347,95.74981991216964,374,13.732836723327637,0.01224278,1
23.49992701183711,95.74981991216964,240,6.184927463531494,0.0063942685,1
24.000378456620098,95.74981991216964,442,28.944730758666992,0.07993283,1
24.250199937133736,95.74981991216964,773,17.346405029296875,0.3540753,1
24.500021417647375,95.74981991216964,336,8.15124225616455,0.07066595,1
24.99966437867465,95.74981991216964,932,24.89985466003418,0.17967963,1
25.74993730397128,95.74981991216964,246,14.186091423034668,0.45870078,1
26.25038874875426,95.74981991216964,253,22.49415397644043,0.5536873,1
26.5002102292679,95.74981991216964,1033,27.973722457885742,0.5544202,1
26.75003170978154,95.74981991216964,996,13.717967987060547,0.42263532,1
26.999853190295177,95.74981991216964,1367,29.488117218017578,0.46098,1
27.249674670808815,95.74981991216964,380,19.765316009521484,0.4045452,1
28.24976907661908,95.74981991216964,425,17.528236389160156,0.3961643,1
28.50039904088843,95.74981991216964,1732,38.20359802246094,0.39596555,1
28.750220521402067,95.74981991216964,3039,34.33115005493164,0.12399566,1
29.000042001915705,95.74981991216964,1829,26.203527450561523,0.64613,1
29.249863482429344,95.74981991216964,3972,7.3997931480407715,0.54252446,1
29.499684962942982,95.74981991216964,2461,7.100895404815674,0.85900277,1
29.75031492721233,95.74981991216964,5132,37.22673797607422,0.0072732437,0
30.000136407725968,95.74981991216964,4874,26.841474533081055,0.0053467667,0
30.249957888239607,95.74981991216964,4297,44.30452346801758,0.022596123,0
30.499779368753245,95.74981991216964,4496,7.3675360679626465,0.02374623,0
30.749600849266887,95.74981991216964,4022,28.621265411376953,0.13134114,0
31.00023081353623,95.74981991216964,4914,11.03403377532959,0.00983252,0
31.250052294049873,95.74981991216964,4232,31.36247444152832,0.12496383,0
31.49987377456351,95.74981991216964,4793,33.14866256713867,0.010080099,0
31.74969525507715,95.74981991216964,4764,7.043339252471924,0.013489402,0
32.00032521934649,95.74981991216964,5060,35.91788864135742,0.0067050415,0
32.25014669986014,95.74981991216964,4735,5.113802433013916,0.039102994,0
32.49996818037377,95.74981991216964,4375,9.156050682067871,0.053961694,0
32.749789660887416,95.74981991216964,4384,24.951045989990234,0.0460699,0
32.99961114140105,95.74981991216964,4817,16.29574203491211,0.03974918,0
33.2502411056704,95.74981991216964,4637,9.464906692504883,0.008726959,0
33.500062586184036,95.74981991216964,5071,38.98505783081055,0.0028567635,0
33.99970554721131,95.74981991216964,4245,21.76292610168457,0.11576182,0
34.25033551148066,95.74981991216964,4293,5.7119035720825195,0.21076201,0
34.99979995302158,95.74981991216964,4749,16.257070541381836,0.016040703,0
35.24962143353522,95.74981991216964,4466,7.568356513977051,0.08734742,0
17.999812021758515,95.99964139268326,168,10.72730541229248,0.07659428,0
18.500263466541504,95.99964139268326,379,7.057187080383301,0.2570867,0
18.750084947055143,95.99964139268326,347,9.232355117797852,0.025297986,0
18.99990642756878,95.99964139268326,339,7.445194721221924,0.016546417,0
19.24972790808242,95.99964139268326,260,11.871257781982422,0.05548497,0
19.500357872351763,95.99964139268326,180,5.2430644035339355,0.0060174414,0
20.24982231389268,95.99964139268326,280,7.214440822601318,0.0054805297,0
22.000189644999573,95.99964139268326,97,6.0781450271606445,0.02141384,1
23.49992701183711,95.99964139268326,84,8.037837982177734,0.032761216,1
23.749748492350747,95.99964139268326,237,13.698319435119629,0.13369665,1
24.000378456620098,95.99964139268326,185,16.855287551879883,0.08777857,1
24.250199937133736,95.99964139268326,162,18.036048889160156,0.16655351,1
24.500021417647375,95.99964139268326,348,7.844756126403809,0.1632903,1
24.749842898161013,95.99964139268326,769,23.686569213867188,0.18749665,1
25.74993730397128,95.99964139268326,460,20.226268768310547,0.40030235,1
25.999758784484918,95.99964139268326,787,29.430789947509766,0.5133829,1
26.5002102292679,95.99964139268326,557,19.330154418945312,0.58334816,1
26.75003170978154,95.99964139268326,705,24.171812057495117,0.5470311,1
26.999853190295177,95.99964139268326,1242,27.47140884399414,0.6791319,1
27.249674670808815,95.99964139268326,527,19.133813858032227,0.2749752,1
28.24976907661908,95.99964139268326,3045,16.252708435058594,0.5654328,1
28.50039904088843,95.99964139268326,3986,42.968204498291016,0.056448456,1
28.750220521402067,95.99964139268326,3423,36.70646286010742,0.18665358,1
29.000042001915705,95.99964139268326,3757,39.462196350097656,0.15965505,1
29.249863482429344,95.99964139268326,4317,18.543886184692383,0.03348305,1
29.499684962942982,95.99964139268326,3329,5.077025890350342,0.7006057,1
29.75031492721233,95.99964139268326,3181,24.638132095336914,0.25578752,0
30.000136407725968,95.99964139268326,4511,36.63595199584961,0.005594974,0
30.249957888239607,95.99964139268326,4857,6.248708248138428,0.03494044,0
30.499779368753245,95.99964139268326,5135,11.78105354309082,0.016366921,0
30.749600849266887,95.99964139268326,4618,24.75482749938965,0.006385885,0
31.00023081353623,95.99964139268326,5130,16.790027618408203,0.01469931,0
31.250052294049873,95.99964139268326,4432,9.661134719848633,0.014431255,0
31.49987377456351,95.99964139268326,4628,13.509709358215332,0.015110512,0
31.74969525507715,95.99964139268326,5073,33.26443099975586,0.003811527,0
32.49996818037377,95.99964139268326,4381,9.156481742858887,0.049021274,0
32.749789660887416,95.99964139268326,4122,32.19654846191406,0.15061814,0
32.99961114140105,95.99964139268326,4988,24.937068939208984,0.0072677373,0
33.2502411056704,95.99964139268326,4816,8.498457908630371,0.009716094,0
33.500062586184036,95.99964139268326,4874,11.21534252166748,0.008831104,0
33.749884066697675,95.99964139268326,4708,25.88380241394043,0.019435296,0
33.99970554721131,95.99964139268326,4682,17.931564331054688,0.007082807,0
34.5001569919943,95.99964139268326,4755,11.858736991882324,0.00716746,0
34.99979995302158,95.99964139268326,4671,7.172210693359375,0.025105393,0
17.749990541244877,96.25027135695262,87,5.831912994384766,0.1393764,0
18.500263466541504,96.25027135695262,183,6.464860916137695,0.25455087,0
18.750084947055143,96.25027135695262,164,11.330039024353027,0.06525138,0
21.000095239189307,96.25027135695262,517,8.424531936645508,0.0071090152,0
22.000189644999573,96.25027135695262,728,17.446067810058594,0.10494686,1
22.49983260602685,96.25027135695262,576,24.785171508789062,0.042034768,1
22.749654086540488,96.25027135695262,358,27.414749145507812,0.041013017,1
23.00028405080983,96.25027135695262,1250,7.540724754333496,0.5507666,1
24.250199937133736,96.25027135695262,290,10.958528518676758,0.12626933,1
24.749842898161013,96.25027135695262,357,9.69198226928711,0.2559969,1
25.250294342943995,96.25027135695262,411,15.66369342803955,0.16615956,1
25.50011582345764,96.25027135695262,460,12.28978443145752,0.3158649,1
25.74993730397128,96.25027135695262,942,11.340587615966797,0.122216046,1
25.999758784484918,96.25027135695262,1078,8.948990821838379,0.2274587,1
26.25038874875426,96.25027135695262,263,7.5365729331970215,0.5901303,1
26.5002102292679,96.25027135695262,231,12.03276252746582,0.49671474,1
26.75003170978154,96.25027135695262,356,13.542491912841797,0.40036517,1
26.999853190295177,96.25027135695262,330,26.37134552001953,0.81477594,1
27.249674670808815,96.25027135695262,935,15.302085876464844,0.15276065,1
27.999947596105443,96.25027135695262,756,34.40376281738281,0.75109357,1
28.24976907661908,96.25027135695262,3723,6.5859599113464355,0.420892,1
28.50039904088843,96.25027135695262,3077,33.66018295288086,0.33971453,1
28.750220521402067,96.25027135695262,2938,49.50232696533203,0.4286398,1
29.000042001915705,96.25027135695262,4408,30.586181640625,0.037337117,1
29.249863482429344,96.25027135695262,4647,29.242656707763672,0.01715026,1
29.499684962942982,96.25027135695262,4609,32.42066955566406,0.022347955,1
29.75031492721233,96.25027135695262,4512,32.249114990234375,0.00456622,0
30.000136407725968,96.25027135695262,4346,24.382740020751953,0.09279286,0
30.249957888239607,96.25027135695262,4592,14.581137657165527,0.014055152,0
30.499779368753245,96.25027135695262,4936,30.72553062438965,0.0061629666,0
30.749600849266887,96.25027135695262,4705,25.59477996826172,0.007906285,0
31.00023081353623,96.25027135695262,4841,31.091419219970703,0.0047431556,0
31.250052294049873,96.25027135695262,4696,6.219916820526123,0.0475767,0
31.49987377456351,96.25027135695262,4420,30.605993270874023,0.08130255,0
31.74969525507715,96.25027135695262,4304,8.889741897583008,0.075939186,0
32.00032521934649,96.25027135695262,4171,11.163885116577148,0.06929117,0
32.25014669986014,96.25027135695262,4421,27.540203094482422,0.04430598,0
32.749789660887416,96.25027135695262,4496,14.530364036560059,0.03241553,0
33.2502411056704,96.25027135695262,4735,8.30711555480957,0.02715961,0
33.500062586184036,96.25027135695262,4992,27.32942771911621,0.008184503,0
33.749884066697675,96.25027135695262,4283,30.884965896606445,0.1326271,0
33.99970554721131,96.25027135695262,4915,27.894594192504883,0.0069247205,0
34.5001569919943,96.25027135695262,4789,11.32742977142334,0.014829454,0
17.999812021758515,96.50009283746624,60,5.083612442016602,0.13256367,0
18.99990642756878,96.50009283746624,61,7.304487705230713,0.5422944,0
19.24972790808242,96.50009283746624,264,10.982532501220703,0.04366247,0
19.500357872351763,96.50009283746624,807,33.430118560791016,0.42915505,0
19.750179352865402,96.50009283746624,597,17.828594207763672,0.05868838,0
20.00000083337904,96.50009283746624,745,17.112720489501953,0.08094097,0
20.24982231389268,96.50009283746624,543,25.279037475585938,0.08173356,0
20.499643794406325,96.50009283746624,1402,25.942163467407227,0.49110502,0
20.750273758675668,96.50009283746624,718,23.87455177307129,0.1521901,0
21.249916719702945,96.50009283746624,1440,6.1825056076049805,0.60420597,0
21.499738200216584,96.50009283746624,476,23.450210571289062,0.03479253,0
21.750368164485934,96.50009283746624,105,7.990124702453613,0.012875221,1
22.25001112551321,96.50009283746624,1104,6.776864051818848,0.7970407,1
22.749654086540488,96.50009283746624,782,29.298362731933594,0.3236453,1
23.00028405080983,96.50009283746624,1596,17.000146865844727,0.83507127,1
24.749842898161013,96.50009283746624,324,10.60765266418457,0.3239763,1
25.50011582345764,96.50009283746624,308,11.57717227935791,0.32053483,1
25.74993730397128,96.50009283746624,504,9.030889511108398,0.14129575,1
25.999758784484918,96.50009283746624,934,19.101909637451172,0.6948915,1
26.25038874875426,96.50009283746624,298,12.392024040222168,0.6170848,1
26.5002102292679,96.50009283746624,194,5.191162586212158,0.2560904,1
26.75003170978154,96.50009283746624,309,8.695302963256836,0.5498701,1
26.999853190295177,96.50009283746624,1567,31.207353591918945,0.46632788,1
27.249674670808815,96.50009283746624,1533,20.876544952392578,0.8994425,1
27.750126115591804,96.50009283746624,2007,31.816085815429688,0.51637584,1
27.999947596105443,96.50009283746624,2006,37.42119598388672,0.1681,1
28.24976907661908,96.50009283746624,1439,27.5175724029541,0.33509675,1
28.50039904088843,96.50009283746624,4129,41.02423858642578,0.028362596,1
28.750220521402067,96.50009283746624,3239,13.559103965759277,0.638097,1
29.000042001915705,96.50009283746624,4171,31.80201530456543,0.052025042,1
29.249863482429344,96.50009283746624,4691,55.22309112548828,0.013689858,1
29.499684962942982,96.50009283746624,4045,36.49642562866211,0.36436304,1
29.75031492721233,96.50009283746624,5172,17.418611526489258,0.011448607,0
30.000136407725968,96.50009283746624,5087,15.171234130859375,0.0141432695,0
30.249957888239607,96.50009283746624,5259,34.373512268066406,0.01749861,0
30.499779368753245,96.50009283746624,3509,33.925262451171875,0.4039447,0
30.749600849266887,96.50009283746624,5169,21.146093368530273,0.009883471,0
31.00023081353623,96.50009283746624,4868,17.88374900817871,0.004858778,0
31.250052294049873,96.50009283746624,3938,28.94209861755371,0.26613972,0
31.49987377456351,96.50009283746624,4396,25.943866729736328,0.044052172,0
31.74969525507715,96.50009283746624,4542,29.466876983642578,0.0067955037,0
32.25014669986014,96.50009283746624,3783,20.657649993896484,0.39829057,0
32.49996818037377,96.50009283746624,4623,5.783315658569336,0.035419617,0
32.749789660887416,96.50009283746624,4174,16.62113380432129,0.15220533,0
33.2502411056704,96.50009283746624,4650,24.414270401000977,0.00653009,0
33.500062586184036,96.50009283746624,3935,19.21866226196289,0.5007397,0
33.749884066697675,96.50009283746624,4577,19.256437301635742,0.006127124,0
33.99970554721131,96.50009283746624,4508,29.021560668945312,0.008758601,0
34.749978472507934,96.50009283746624,4642,11.14543342590332,0.02593629,0
34.99979995302158,96.50009283746624,4495,6.7888078689575195,0.028859314,0
35.24962143353522,96.50009283746624,4566,7.013053894042969,0.029063549,0
18.750084947055143,96.74991431797991,516,18.410768508911133,0.11624109,0
19.24972790808242,96.74991431797991,590,17.10245704650879,0.015444631,0
19.500357872351763,96.74991431797991,1376,31.28508186340332,0.77056974,0
19.750179352865402,96.74991431797991,1182,18.284690856933594,0.69380116,0
20.00000083337904,96.74991431797991,1413,28.699888229370117,0.49196735,0
20.499643794406325,96.74991431797991,1255,22.185161590576172,0.3651524,0
20.750273758675668,96.74991431797991,1258,7.0782151222229,0.765683,0
21.000095239189307,96.74991431797991,1337,9.544839859008789,0.15255545,0
21.750368164485934,96.74991431797991,1016,23.23529052734375,0.48924178,1
22.000189644999573,96.74991431797991,433,12.914833068847656,0.0099980645,1
22.25001112551321,96.74991431797991,1106,13.02157974243164,0.32260475,1
22.49983260602685,96.74991431797991,721,13.689228057861328,0.35988486,1
22.749654086540488,96.74991431797991,1149,9.652728080749512,0.69550985,1
23.00028405080983,96.74991431797991,581,21.328235626220703,0.042129617,1
23.25010553132347,96.74991431797991,1069,9.314759254455566,0.2899804,1
23.49992701183711,96.74991431797991,525,7.881692886352539,0.0671167,1
23.749748492350747,96.74991431797991,321,21.546314239501953,0.04449316,1
24.99966437867465,96.74991431797991,518,18.57071876525879,0.16664802,1
25.250294342943995,96.74991431797991,299,7.583876609802246,0.17369026,1
25.74993730397128,96.74991431797991,509,29.183799743652344,0.19221221,1
25.999758784484918,96.74991431797991,275,5.145755290985107,0.10321009,1
26.75003170978154,96.74991431797991,433,15.532598495483398,0.23913273,1
26.999853190295177,96.74991431797991,1237,27.864057540893555,0.7274964,1
27.249674670808815,96.74991431797991,1017,21.164005279541016,0.67836726,1
27.500304635078166,96.74991431797991,2305,28.86526870727539,0.041079644,1
27.750126115591804,96.74991431797991,1769,26.954914093017578,0.6804477,1
27.999947596105443,96.74991431797991,1460,10.096575736999512,0.8515783,1
28.24976907661908,96.74991431797991,3707,33.01870346069336,0.15301393,1
28.50039904088843,96.74991431797991,3678,47.690834045410156,0.06999271,1
28.750220521402067,96.74991431797991,1909,5.955191135406494,0.822823,1
29.000042001915705,96.74991431797991,2528,27.39992904663086,0.20184122,1
29.249863482429344,96.74991431797991,5679,35.61543273925781,0.006847986,1
29.75031492721233,96.74991431797991,5112,19.00130844116211,0.005750075,0
30.000136407725968,96.74991431797991,5051,11.189647674560547,0.009488456,0
30.249957888239607,96.74991431797991,3389,35.21076583862305,0.64181364,0
30.499779368753245,96.74991431797991,4514,35.595001220703125,0.008037224,0
31.00023081353623,96.74991431797991,4993,25.813735961914062,0.012826382,0
31.250052294049873,96.74991431797991,4649,16.000774383544922,0.013553763,0
31.49987377456351,96.74991431797991,4356,26.243183135986328,0.026862971,0
31.74969525507715,96.74991431797991,4412,19.71267318725586,0.057824712,0
32.00032521934649,96.74991431797991,4173,47.89601135253906,0.03270492,0
32.25014669986014,96.74991431797991,4252,12.849015235900879,0.085542925,0
32.49996818037377,96.74991431797991,4122,11.026544570922852,0.2513979,0
32.749789660887416,96.74991431797991,4447,14.892756462097168,0.01559436,0
32.99961114140105,96.74991431797991,4817,10.502848625183105,0.019471314,0
33.2502411056704,96.74991431797991,4366,29.59116554260254,0.035485867,0
33.500062586184036,96.74991431797991,4309,30.23464584350586,0.016921956,0
33.749884066697675,96.74991431797991,4475,8.537707328796387,0.017701128,0
33.99970554721131,96.74991431797991,4636,24.65793228149414,0.0054221223,0
34.5001569919943,96.74991431797991,4749,7.888113975524902,0.021009676,0
34.749978472507934,96.74991431797991,4575,6.4890360832214355,0.03633744,0
35.24962143353522,96.74991431797991,4524,5.119046211242676,0.043737184,0
17.50016906073124,96.99973579849353,50,13.444806098937988,0.3422035,0
17.749990541244877,96.99973579849353,110,6.846972465515137,0.51796305,0
17.999812021758515,96.99973579849353,324,15.987919807434082,0.34721962,0
18.249633502272154,96.99973579849353,850,17.395776748657227,0.424969,0
18.750084947055143,96.99973579849353,1884,9.461504936218262,0.63594687,0
18.99990642756878,96.99973579849353,968,27.383621215820312,0.2957191,0
19.24972790808242,96.99973579849353,798,25.406044006347656,0.19785823,0
19.500357872351763,96.99973579849353,1366,31.557374954223633,0.68902844,0
19.750179352865402,96.99973579849353,1394,15.97858715057373,0.8514519,0
20.00000083337904,96.99973579849353,1007,10.381437301635742,0.42700383,0
20.499643794406325,96.99973579849353,1348,21.13654136657715,0.48819092,0
21.249916719702945,96.99973579849353,944,6.838863372802734,0.2703914,0
21.750368164485934,96.99973579849353,812,5.311100959777832,0.101760566,1
22.000189644999573,96.99973579849353,595,16.265512466430664,0.050282564,1
22.25001112551321,96.99973579849353,342,26.664813995361328,0.060324192,1
22.749654086540488,96.99973579849353,902,30.27817153930664,0.4396982,1
23.00028405080983,96.99973579849353,929,15.08056926727295,0.26916793,1
23.25010553132347,96.99973579849353,922,5.305968284606934,0.32701004,1
23.49992701183711,96.99973579849353,318,5.63783597946167,0.0069247377,1
23.749748492350747,96.99973579849353,178,5.37956428527832,0.009134304,1
24.500021417647375,96.99973579849353,698,19.627126693725586,0.15665275,1
24.99966437867465,96.99973579849353,175,9.65951919555664,0.11713144,1
25.250294342943995,96.99973579849353,194,24.106964111328125,0.24519669,1
25.50011582345764,96.99973579849353,967,23.298696517944336,0.24076492,1
25.74993730397128,96.99973579849353,1299,20.294538497924805,0.58846503,1
25.999758784484918,96.99973579849353,486,27.17534828186035,0.1974746,1
26.5002102292679,96.99973579849353,561,30.394611358642578,0.44406623,1
26.75003170978154,96.99973579849353,735,22.633188247680664,0.4772022,1
26.999853190295177,96.99973579849353,1680,16.731761932373047,0.73311156,1
27.249674670808815,96.99973579849353,1842,5.272102355957031,0.684769,1
27.500304635078166,96.99973579849353,2701,22.906341552734375,0.09042102,1
27.750126115591804,96.99973579849353,2941,41.7360725402832,0.05705517,1
27.999947596105443,96.99973579849353,2398,19.466415405273438,0.112093,1
28.24976907661908,96.99973579849353,2561,45.12596893310547,0.19092567,1
28.50039904088843,96.99973579849353,1890,41.6524543762207,0.12744775,1
28.750220521402067,96.99973579849353,4032,37.20918655395508,0.059251703,1
29.000042001915705,96.99973579849353,3509,7.990339756011963,0.4312878,1
29.249863482429344,96.99973579849353,4900,35.98033142089844,0.0070967274,1
29.499684962942982,96.99973579849353,5459,47.47199630737305,0.0043130824,1
29.75031492721233,96.99973579849353,5507,34.79361343383789,0.0065007517,0
30.000136407725968,96.99973579849353,3972,36.932212829589844,0.10805106,0
30.249957888239607,96.99973579849353,5127,11.65615463256836,0.023139896,0
30.499779368753245,96.99973579849353,4828,20.310163497924805,0.014446326,0
30.749600849266887,96.99973579849353,4919,15.861318588256836,0.006270093,0
31.00023081353623,96.99973579849353,4487,44.25246047973633,0.0014639121,0
31.250052294049873,96.99973579849353,3712,27.159852981567383,0.37754822,0
31.49987377456351,96.99973579849353,4727,22.684595108032227,0.01695943,0
31.74969525507715,96.99973579849353,3864,31.84381103515625,0.13099551,0
32.00032521934649,96.99973579849353,3954,32.51310729980469,0.17643432,0
32.25014669986014,96.99973579849353,4660,31.74087142944336,0.0050176517,0
32.49996818037377,96.99973579849353,4574,18.773109436035156,0.0068263565,0
32.749789660887416,96.99973579849353,4390,43.69308853149414,0.009845528,0
32.99961114140105,96.99973579849353,3744,7.769402027130127,0.6964413,0
33.2502411056704,96.99973579849353,3900,35.622039794921875,0.17002591,0
33.500062586184036,96.99973579849353,4712,14.170507431030273,0.011424751,0
33.99970554721131,96.99973579849353,4674,7.247767925262451,0.056419548,0
34.5001569919943,96.99973579849353,4695,5.357604026794434,0.03125364,0
34.99979995302158,96.99973579849353,4365,7.376840114593506,0.2335191,0
17.50016906073124,97.2503657627629,87,6.464860916137695,0.5361762,0
17.749990541244877,97.2503657627629,325,16.67157745361328,0.5518678,0
17.999812021758515,97.2503657627629,349,23.477479934692383,0.32989118,0
18.249633502272154,97.2503657627629,1321,22.468563079833984,0.76550287,0
18.500263466541504,97.2503657627629,632,18.03455352783203,0.104970485,0
18.750084947055143,97.2503657627629,560,20.414522171020508,0.102528684,0
18.99990642756878,97.2503657627629,426,11.005850791931152,0.012484455,0
19.24972790808242,97.2503657627629,520,18.78066635131836,0.1070336,0
19.500357872351763,97.2503657627629,1053,15.826288223266602,0.3793167,0
20.24982231389268,97.2503657627629,1089,6.538735866546631,0.47573128,0
20.499643794406325,97.2503657627629,1032,7.427132606506348,0.4068876,0
20.750273758675668,97.2503657627629,1182,8.482050895690918,0.6822935,0
21.000095239189307,97.2503657627629,1325,10.358308792114258,0.279915,0
21.249916719702945,97.2503657627629,978,14.208247184753418,0.10015969,0
21.499738200216584,97.2503657627629,769,7.779549598693848,0.13257852,0
21.750368164485934,97.2503657627629,907,10.527843475341797,0.11286054,1
22.000189644999573,97.2503657627629,733,8.772509574890137,0.129304,1
22.25001112551321,97.2503657627629,832,6.008373737335205,0.0731811,1
22.49983260602685,97.2503657627629,466,12.84107494354248,0.025551042,1
22.749654086540488,97.2503657627629,1195,24.280576705932617,0.65935344,1
23.00028405080983,97.2503657627629,1378,20.42942237854004,0.45640197,1
23.25010553132347,97.2503657627629,1897,19.800495147705078,0.51909536,1
23.49992701183711,97.2503657627629,922,7.964608192443848,0.318715,1
23.749748492350747,97.2503657627629,1004,15.824000358581543,0.50162363,1
24.749842898161013,97.2503657627629,275,12.597941398620605,0.5573495,1
25.74993730397128,97.2503657627629,313,9.609898567199707,0.1088334,1
25.999758784484918,97.2503657627629,358,24.164344787597656,0.31349766,1
26.25038874875426,97.2503657627629,1090,32.866600036621094,0.67371213,1
26.5002102292679,97.2503657627629,1655,18.671756744384766,0.5675768,1
26.75003170978154,97.2503657627629,1874,19.1929931640625,0.52293366,1
26.999853190295177,97.2503657627629,1875,34.36622619628906,0.5186395,1
27.249674670808815,97.2503657627629,726,17.22439193725586,0.28576994,1
27.500304635078166,97.2503657627629,1535,30.50181007385254,0.6032822,1
27.750126115591804,97.2503657627629,1102,41.0173225402832,0.86014104,1
27.999947596105443,97.2503657627629,4308,18.936893463134766,0.023479914,1
28.24976907661908,97.2503657627629,4409,41.37405014038086,0.014092125,1
28.50039904088843,97.2503657627629,4035,42.0878791809082,0.059338078,1
28.750220521402067,97.2503657627629,3879,28.814861297607422,0.059708327,1
29.000042001915705,97.2503657627629,4701,11.507664680480957,0.029648902,1
29.249863482429344,97.2503657627629,5447,16.884950637817383,0.0131052695,1
29.499684962942982,97.2503657627629,5433,30.03072166442871,0.0076896776,1
29.75031492721233,97.2503657627629,5117,25.31766128540039,0.009222336,0
30.000136407725968,97.2503657627629,4485,25.717172622680664,0.0062020505,0
30.249957888239607,97.2503657627629,4264,24.382770538330078,0.5223082,0
30.499779368753245,97.2503657627629,4927,22.962705612182617,0.014674635,0
30.749600849266887,97.2503657627629,4767,6.030425548553467,0.058896642,0
31.00023081353623,97.2503657627629,3750,33.28855895996094,0.271008,0
31.250052294049873,97.2503657627629,4222,35.922203063964844,0.053145047,0
31.49987377456351,97.2503657627629,3913,47.547454833984375,0.017920861,0
31.74969525507715,97.2503657627629,4356,10.34620475769043,0.06651819,0
32.00032521934649,97.2503657627629,4343,21.863239288330078,0.048337232,0
32.25014669986014,97.2503657627629,4469,25.076101303100586,0.014437447,0
32.49996818037377,97.2503657627629,4280,18.11778450012207,0.08496656,0
32.749789660887416,97.2503657627629,4893,35.929908752441406,0.011135184,0
32.99961114140105,97.2503657627629,3589,26.402973175048828,0.22858931,0
33.2502411056704,97.2503657627629,4382,13.082049369812012,0.0683908,0
